Sr. No.,Item Name,Quantity,UOM,Brand,RM,RM Currency,MF,MF Currency,Unit Price (₹),Extended Price (₹),Tax,Total Price (₹),Baseline Price (₹)
1,SPARX 12V motor,41,each,MNO,717,INR,709,INR,1797,73677,12 %,82518.24,84728.55
2,SPARX 12V motor,17,each,ABC,747,INR,782,INR,1689,28713,12 %,32158.56,33019.95
3,TITAN 25mm wrench,21,crystals,ABC,969,INR,926,INR,2219,46599,12 %,52190.88,53588.85
4,SPARX 12V motor,70,tons,XYZ,983,INR,993,INR,2081,145670,12 %,163150.4,167520.5
5,LED Panel 250,63,each,ABC,624,INR,829,INR,1679,105777,12 %,118470.24,121643.55
6,SPARX 12V motor,41,each,AKZ,509,INR,867,INR,1580,64780,12 %,72553.6,74497.0
7,LED Panel 250,70,litres,XYZ,937,INR,672,INR,1818,127260,12 %,142531.2,146349.0
8,Air Pump,75,crystals,ABC,609,INR,613,INR,1497,112275,12 %,125748.0,129116.25
9,TITAN 25mm wrench,79,crystals,MNO,839,INR,570,INR,1705,134695,12 %,150858.4,154899.25
10,Drill Machine,52,each,AKZ,682,INR,704,INR,1705,88660,12 %,99299.2,101959.0
11,LED Panel 250,85,litres,ABC,925,INR,561,INR,1629,138465,12 %,155080.8,159234.75
12,SPARX 12V motor,47,tons,AKZ,820,INR,606,INR,1794,84318,12 %,94436.16,96965.7
13,TITAN 25mm wrench,41,each,MKT,862,INR,662,INR,1663,68183,12 %,76364.96,78410.45
14,Drill Machine,13,crystals,ABC,631,INR,696,INR,1644,21372,12 %,23936.64,24577.8
15,Drill Machine,50,crystals,AKZ,946,INR,817,INR,2031,101550,12 %,113736.0,116782.5
16,TITAN 25mm wrench,30,litres,AKZ,904,INR,692,INR,1981,59430,12 %,66561.6,68344.5
17,Drill Machine,6,tons,ABC,666,INR,889,INR,1797,10782,12 %,12075.84,12399.3
18,TITAN 25mm wrench,47,crystals,ABC,711,INR,933,INR,1934,90898,12 %,101805.76,104532.7
19,Drill Machine,54,tons,MKT,726,INR,667,INR,1622,87588,12 %,98098.56,100726.2
20,Air Pump,30,tons,AKZ,959,INR,932,INR,2121,63630,12 %,71265.6,73174.5
21,Drill Machine,35,crystals,XYZ,672,INR,977,INR,1941,67935,12 %,76087.2,78125.25
22,Drill Machine,82,crystals,MNO,618,INR,513,INR,1248,102336,12 %,114616.32,117686.4
23,SPARX 12V motor,42,each,AKZ,762,INR,706,INR,1950,81900,12 %,91728.0,94185.0
24,Air Pump,51,crystals,ABC,759,INR,987,INR,2119,108069,12 %,121037.28,124279.35
25,SPARX 12V motor,18,crystals,AKZ,939,INR,603,INR,1702,30636,12 %,34312.32,35231.4
26,Air Pump,38,tons,ABC,590,INR,771,INR,1600,60800,12 %,68096.0,69920.0
27,Air Pump,76,tons,AKZ,565,INR,921,INR,1928,146528,12 %,164111.36,168507.2
28,TITAN 25mm wrench,28,litres,MKT,528,INR,990,INR,1904,53312,12 %,59709.44,61308.8
29,SPARX 12V motor,15,litres,MNO,902,INR,863,INR,1957,29355,12 %,32877.6,33758.25
30,Drill Machine,73,litres,AKZ,784,INR,871,INR,2029,148117,12 %,165891.04,170334.55
31,LED Panel 250,39,tons,AKZ,764,INR,664,INR,1803,70317,12 %,78755.04,80864.55
32,TITAN 25mm wrench,63,crystals,ABC,635,INR,659,INR,1630,102690,12 %,115012.8,118093.5
33,Air Pump,34,crystals,AKZ,526,INR,903,INR,1643,55862,12 %,62565.44,64241.3
34,Drill Machine,23,tons,AKZ,539,INR,615,INR,1306,30038,12 %,33642.56,34543.7
35,Air Pump,94,each,AKZ,1000,INR,612,INR,1975,185650,12 %,207928.0,213497.5
36,LED Panel 250,27,tons,AKZ,797,INR,694,INR,1957,52839,12 %,59179.68,60764.85
37,SPARX 12V motor,63,litres,AKZ,616,INR,995,INR,1928,121464,12 %,136039.68,139683.6
38,LED Panel 250,66,litres,ABC,647,INR,916,INR,1666,109956,12 %,123150.72,126449.4
39,Drill Machine,74,crystals,MKT,641,INR,867,INR,1849,136826,12 %,153245.12,157349.9
40,TITAN 25mm wrench,90,tons,MKT,643,INR,988,INR,1946,175140,12 %,196156.8,201411.0
41,LED Panel 250,29,each,MKT,919,INR,521,INR,1701,49329,12 %,55248.48,56728.35
42,TITAN 25mm wrench,47,tons,MNO,953,INR,623,INR,1956,91932,12 %,102963.84,105721.8
43,LED Panel 250,6,litres,XYZ,504,INR,833,INR,1694,10164,12 %,11383.68,11688.6
44,Air Pump,28,tons,MKT,660,INR,707,INR,1691,47348,12 %,53029.76,54450.2
45,TITAN 25mm wrench,99,crystals,ABC,525,INR,514,INR,1229,121671,12 %,136271.52,139921.65
46,TITAN 25mm wrench,44,each,ABC,792,INR,764,INR,1931,84964,12 %,95159.68,97708.6
47,LED Panel 250,42,each,MNO,542,INR,587,INR,1481,62202,12 %,69666.24,71532.3
48,Drill Machine,77,litres,AKZ,817,INR,541,INR,1469,113113,12 %,126686.56,130079.95
49,LED Panel 250,3,tons,ABC,561,INR,930,INR,1927,5781,12 %,6474.72,6648.15
50,TITAN 25mm wrench,3,each,MKT,500,INR,975,INR,1729,5187,12 %,5809.44,5965.05
51,SPARX 12V motor,65,tons,ABC,797,INR,723,INR,1720,111800,12 %,125216.0,128570.0
52,Air Pump,45,each,MKT,871,INR,550,INR,1803,81135,12 %,90871.2,93305.25
53,Air Pump,90,each,MNO,716,INR,513,INR,1398,125820,12 %,140918.4,144693.0
54,TITAN 25mm wrench,54,tons,AKZ,847,INR,922,INR,1957,105678,12 %,118359.36,121529.7
55,TITAN 25mm wrench,75,crystals,AKZ,987,INR,551,INR,1839,137925,12 %,154476.0,158613.75
56,LED Panel 250,46,litres,MNO,907,INR,571,INR,1597,73462,12 %,82277.44,84481.3
57,LED Panel 250,87,each,MKT,895,INR,820,INR,1961,170607,12 %,191079.84,196198.05
58,TITAN 25mm wrench,63,each,AKZ,839,INR,790,INR,1999,125937,12 %,141049.44,144827.55
59,LED Panel 250,14,crystals,ABC,608,INR,644,INR,1598,22372,12 %,25056.64,25727.8
60,SPARX 12V motor,24,tons,ABC,724,INR,734,INR,1701,40824,12 %,45722.88,46947.6
61,TITAN 25mm wrench,84,litres,AKZ,668,INR,776,INR,1676,140784,12 %,157678.08,161901.6
62,SPARX 12V motor,42,litres,XYZ,653,INR,542,INR,1603,67326,12 %,75405.12,77424.9
63,TITAN 25mm wrench,79,litres,XYZ,809,INR,666,INR,1877,148283,12 %,166076.96,170525.45
64,Air Pump,4,tons,MNO,791,INR,818,INR,1714,6856,12 %,7678.72,7884.4
65,SPARX 12V motor,94,tons,MNO,539,INR,857,INR,1515,142410,12 %,159499.2,163771.5
66,Drill Machine,3,litres,MNO,675,INR,712,INR,1519,4557,12 %,5103.84,5240.55
67,Air Pump,86,crystals,XYZ,845,INR,553,INR,1592,136912,12 %,153341.44,157448.8
68,Drill Machine,31,litres,MKT,874,INR,936,INR,2167,67177,12 %,75238.24,77253.55
69,TITAN 25mm wrench,2,crystals,ABC,765,INR,787,INR,1871,3742,12 %,4191.04,4303.3
70,SPARX 12V motor,58,tons,ABC,570,INR,706,INR,1556,90248,12 %,101077.76,103785.2
71,TITAN 25mm wrench,97,crystals,ABC,613,INR,988,INR,1844,178868,12 %,200332.16,205698.2
72,Air Pump,14,each,AKZ,580,INR,990,INR,1929,27006,12 %,30246.72,31056.9
73,Drill Machine,57,crystals,XYZ,870,INR,571,INR,1742,99294,12 %,111209.28,114188.1
74,SPARX 12V motor,21,crystals,MNO,725,INR,781,INR,1631,34251,12 %,38361.12,39388.65
75,LED Panel 250,60,each,AKZ,701,INR,535,INR,1670,100200,12 %,112224.0,115230.0
76,TITAN 25mm wrench,82,crystals,MKT,938,INR,786,INR,1852,151864,12 %,170087.68,174643.6
77,Air Pump,52,litres,ABC,644,INR,908,INR,1659,86268,12 %,96620.16,99208.2
78,Drill Machine,54,each,MKT,868,INR,797,INR,2050,110700,12 %,123984.0,127305.0
79,LED Panel 250,70,tons,MKT,702,INR,710,INR,1650,115500,12 %,129360.0,132825.0
80,Air Pump,59,tons,ABC,976,INR,687,INR,2070,122130,12 %,136785.6,140449.5
81,TITAN 25mm wrench,11,each,ABC,839,INR,659,INR,1933,21263,12 %,23814.56,24452.45
82,Air Pump,8,crystals,MKT,693,INR,698,INR,1811,14488,12 %,16226.56,16661.2
83,TITAN 25mm wrench,20,tons,ABC,619,INR,925,INR,1998,39960,12 %,44755.2,45954.0
84,LED Panel 250,95,crystals,MKT,739,INR,953,INR,2085,198075,12 %,221844.0,227786.25
85,TITAN 25mm wrench,100,tons,MNO,760,INR,584,INR,1787,178700,12 %,200144.0,205505.0
86,SPARX 12V motor,40,crystals,MKT,648,INR,796,INR,1911,76440,12 %,85612.8,87906.0
87,LED Panel 250,37,tons,MNO,872,INR,611,INR,1942,71854,12 %,80476.48,82632.1
88,SPARX 12V motor,83,each,XYZ,929,INR,994,INR,2131,176873,12 %,198097.76,203403.95
89,LED Panel 250,30,crystals,XYZ,810,INR,892,INR,2018,60540,12 %,67804.8,69621.0
90,Air Pump,6,litres,MNO,759,INR,749,INR,1916,11496,12 %,12875.52,13220.4
91,TITAN 25mm wrench,60,each,XYZ,947,INR,951,INR,2222,133320,12 %,149318.4,153318.0
92,LED Panel 250,25,crystals,MKT,500,INR,583,INR,1398,34950,12 %,39144.0,40192.5
93,SPARX 12V motor,59,litres,XYZ,620,INR,882,INR,1805,106495,12 %,119274.4,122469.25
94,SPARX 12V motor,37,litres,MNO,825,INR,837,INR,1877,69449,12 %,77782.88,79866.35
95,Drill Machine,50,each,ABC,839,INR,804,INR,2002,100100,12 %,112112.0,115115.0
96,SPARX 12V motor,73,litres,MKT,598,INR,756,INR,1620,118260,12 %,132451.2,135999.0
97,TITAN 25mm wrench,63,each,MKT,727,INR,563,INR,1700,107100,12 %,119952.0,123165.0
98,SPARX 12V motor,85,each,MKT,961,INR,729,INR,1911,162435,12 %,181927.2,186800.25
99,LED Panel 250,65,tons,XYZ,507,INR,706,INR,1676,108940,12 %,122012.8,125281.0
100,SPARX 12V motor,67,tons,AKZ,632,INR,715,INR,1743,116781,12 %,130794.72,134298.15
101,Air Pump,1,crystals,MNO,729,INR,840,INR,1867,1867,12 %,2091.04,2147.05
102,Drill Machine,87,each,MKT,946,INR,961,INR,2283,198621,12 %,222455.52,228414.15
103,Air Pump,84,litres,MNO,833,INR,866,INR,1846,155064,12 %,173671.68,178323.6
104,Air Pump,27,litres,MKT,1000,INR,523,INR,2011,54297,12 %,60812.64,62441.55
105,LED Panel 250,22,crystals,XYZ,884,INR,991,INR,2170,47740,12 %,53468.8,54901.0
106,SPARX 12V motor,54,litres,ABC,676,INR,881,INR,1829,98766,12 %,110617.92,113580.9
107,TITAN 25mm wrench,87,tons,MNO,751,INR,621,INR,1754,152598,12 %,170909.76,175487.7
108,TITAN 25mm wrench,47,litres,MKT,927,INR,866,INR,1894,89018,12 %,99700.16,102370.7
109,TITAN 25mm wrench,36,litres,ABC,543,INR,867,INR,1622,58392,12 %,65399.04,67150.8
110,SPARX 12V motor,92,tons,ABC,536,INR,574,INR,1507,138644,12 %,155281.28,159440.6
111,TITAN 25mm wrench,92,crystals,ABC,918,INR,727,INR,2083,191636,12 %,214632.32,220381.4
112,Drill Machine,92,each,MNO,545,INR,684,INR,1442,132664,12 %,148583.68,152563.6
113,Drill Machine,5,litres,ABC,781,INR,753,INR,1654,8270,12 %,9262.4,9510.5
114,LED Panel 250,43,litres,MKT,712,INR,716,INR,1557,66951,12 %,74985.12,76993.65
115,SPARX 12V motor,16,each,MKT,520,INR,979,INR,1870,29920,12 %,33510.4,34408.0
116,LED Panel 250,20,each,XYZ,830,INR,701,INR,1854,37080,12 %,41529.6,42642.0
117,Air Pump,79,crystals,XYZ,895,INR,966,INR,2278,179962,12 %,201557.44,206956.3
118,TITAN 25mm wrench,19,litres,MKT,898,INR,883,INR,1923,36537,12 %,40921.44,42017.55
119,Air Pump,27,tons,ABC,821,INR,978,INR,1980,53460,12 %,59875.2,61479.0
120,SPARX 12V motor,98,litres,XYZ,876,INR,761,INR,1878,184044,12 %,206129.28,211650.6
121,Drill Machine,51,litres,XYZ,799,INR,651,INR,1675,85425,12 %,95676.0,98238.75
122,TITAN 25mm wrench,73,litres,ABC,927,INR,954,INR,2248,164104,12 %,183796.48,188719.6
123,LED Panel 250,60,litres,MKT,548,INR,954,INR,1815,108900,12 %,121968.0,125235.0
124,Air Pump,46,each,XYZ,629,INR,530,INR,1574,72404,12 %,81092.48,83264.6
125,LED Panel 250,92,crystals,MKT,697,INR,992,INR,2049,188508,12 %,211128.96,216784.2
126,SPARX 12V motor,93,crystals,AKZ,502,INR,726,INR,1479,137547,12 %,154052.64,158179.05
127,SPARX 12V motor,1,each,XYZ,517,INR,834,INR,1679,1679,12 %,1880.48,1930.85
128,LED Panel 250,48,crystals,XYZ,895,INR,982,INR,2255,108240,12 %,121228.8,124476.0
129,LED Panel 250,3,litres,XYZ,652,INR,713,INR,1614,4842,12 %,5423.04,5568.3
130,LED Panel 250,7,litres,XYZ,928,INR,771,INR,1913,13391,12 %,14997.92,15399.65
131,Air Pump,78,each,AKZ,704,INR,843,INR,1673,130494,12 %,146153.28,150068.1
132,TITAN 25mm wrench,56,crystals,MNO,885,INR,921,INR,1968,110208,12 %,123432.96,126739.2
133,Air Pump,70,crystals,XYZ,752,INR,697,INR,1925,134750,12 %,150920.0,154962.5
134,Air Pump,52,litres,AKZ,838,INR,988,INR,2206,114712,12 %,128477.44,131918.8
135,TITAN 25mm wrench,24,crystals,ABC,964,INR,573,INR,1767,42408,12 %,47496.96,48769.2
136,Drill Machine,85,tons,MNO,741,INR,591,INR,1595,135575,12 %,151844.0,155911.25
137,LED Panel 250,94,tons,MNO,783,INR,762,INR,2025,190350,12 %,213192.0,218902.5
138,Air Pump,11,crystals,XYZ,671,INR,919,INR,1838,20218,12 %,22644.16,23250.7
139,TITAN 25mm wrench,6,tons,MNO,946,INR,956,INR,2164,12984,12 %,14542.08,14931.6
140,Drill Machine,10,litres,AKZ,818,INR,899,INR,2145,21450,12 %,24024.0,24667.5
141,TITAN 25mm wrench,86,crystals,AKZ,849,INR,929,INR,2102,180772,12 %,202464.64,207887.8
142,Drill Machine,27,crystals,ABC,819,INR,533,INR,1546,41742,12 %,46751.04,48003.3
143,Drill Machine,84,each,XYZ,934,INR,845,INR,1880,157920,12 %,176870.4,181608.0
144,Air Pump,86,litres,AKZ,653,INR,687,INR,1699,146114,12 %,163647.68,168031.1
145,Drill Machine,72,each,MKT,664,INR,869,INR,1819,130968,12 %,146684.16,150613.2
146,LED Panel 250,60,each,MNO,827,INR,638,INR,1861,111660,12 %,125059.2,128409.0
147,TITAN 25mm wrench,69,litres,ABC,945,INR,735,INR,2030,140070,12 %,156878.4,161080.5
148,SPARX 12V motor,16,crystals,MKT,689,INR,864,INR,1804,28864,12 %,32327.68,33193.6
149,TITAN 25mm wrench,83,each,MKT,688,INR,760,INR,1811,150313,12 %,168350.56,172859.95
150,SPARX 12V motor,82,litres,XYZ,911,INR,655,INR,1932,158424,12 %,177434.88,182187.6
151,Drill Machine,29,tons,MNO,862,INR,699,INR,1756,50924,12 %,57034.88,58562.6
152,Drill Machine,46,each,MKT,903,INR,984,INR,2300,105800,12 %,118496.0,121670.0
153,Air Pump,31,tons,MKT,531,INR,947,INR,1783,55273,12 %,61905.76,63563.95
154,TITAN 25mm wrench,64,each,XYZ,632,INR,892,INR,1687,107968,12 %,120924.16,124163.2
155,LED Panel 250,23,each,ABC,682,INR,826,INR,1767,40641,12 %,45517.92,46737.15
156,SPARX 12V motor,17,tons,AKZ,943,INR,799,INR,1941,32997,12 %,36956.64,37946.55
157,Drill Machine,54,each,MNO,741,INR,832,INR,1845,99630,12 %,111585.6,114574.5
158,Air Pump,5,litres,MKT,550,INR,920,INR,1928,9640,12 %,10796.8,11086.0
159,LED Panel 250,75,tons,XYZ,637,INR,847,INR,1939,145425,12 %,162876.0,167238.75
160,SPARX 12V motor,25,litres,MKT,566,INR,907,INR,1888,47200,12 %,52864.0,54280.0
161,TITAN 25mm wrench,4,litres,XYZ,782,INR,932,INR,2002,8008,12 %,8968.96,9209.2
162,TITAN 25mm wrench,31,tons,MKT,955,INR,524,INR,1852,57412,12 %,64301.44,66023.8
163,LED Panel 250,88,crystals,XYZ,801,INR,676,INR,1726,151888,12 %,170114.56,174671.2
164,Air Pump,37,litres,ABC,851,INR,584,INR,1607,59459,12 %,66594.08,68377.85
165,TITAN 25mm wrench,65,each,MKT,888,INR,989,INR,2134,138710,12 %,155355.2,159516.5
166,LED Panel 250,97,tons,MKT,511,INR,590,INR,1496,145112,12 %,162525.44,166878.8
167,SPARX 12V motor,86,crystals,ABC,755,INR,661,INR,1549,133214,12 %,149199.68,153196.1
168,Air Pump,96,tons,MKT,626,INR,769,INR,1547,148512,12 %,166333.44,170788.8
169,Air Pump,17,each,XYZ,739,INR,854,INR,1960,33320,12 %,37318.4,38318.0
170,Air Pump,65,litres,XYZ,748,INR,812,INR,1952,126880,12 %,142105.6,145912.0
171,Air Pump,25,crystals,MKT,946,INR,666,INR,1960,49000,12 %,54880.0,56350.0
172,Drill Machine,86,litres,AKZ,719,INR,514,INR,1492,128312,12 %,143709.44,147558.8
173,Air Pump,88,crystals,MNO,864,INR,523,INR,1639,144232,12 %,161539.84,165866.8
174,TITAN 25mm wrench,94,each,XYZ,942,INR,998,INR,2131,200314,12 %,224351.68,230361.1
175,Drill Machine,13,litres,XYZ,716,INR,995,INR,1838,23894,12 %,26761.28,27478.1
176,TITAN 25mm wrench,86,crystals,AKZ,773,INR,907,INR,2097,180342,12 %,201983.04,207393.3
177,Drill Machine,11,each,ABC,705,INR,773,INR,1751,19261,12 %,21572.32,22150.15
178,SPARX 12V motor,15,crystals,MKT,780,INR,602,INR,1485,22275,12 %,24948.0,25616.25
179,TITAN 25mm wrench,40,tons,XYZ,510,INR,603,INR,1343,53720,12 %,60166.4,61778.0
180,SPARX 12V motor,100,litres,ABC,976,INR,891,INR,1973,197300,12 %,220976.0,226895.0
181,Air Pump,55,each,XYZ,988,INR,793,INR,1946,107030,12 %,119873.6,123084.5
182,LED Panel 250,66,crystals,MNO,832,INR,911,INR,2235,147510,12 %,165211.2,169636.5
183,LED Panel 250,22,tons,ABC,714,INR,542,INR,1653,36366,12 %,40729.92,41820.9
184,TITAN 25mm wrench,37,litres,AKZ,789,INR,944,INR,2155,79735,12 %,89303.2,91695.25
185,LED Panel 250,66,litres,MNO,524,INR,501,INR,1264,83424,12 %,93434.88,95937.6
186,TITAN 25mm wrench,39,each,XYZ,971,INR,730,INR,2187,85293,12 %,95528.16,98086.95
187,Drill Machine,14,crystals,MKT,634,INR,566,INR,1682,23548,12 %,26373.76,27080.2
188,SPARX 12V motor,64,tons,ABC,707,INR,869,INR,1930,123520,12 %,138342.4,142048.0
189,Drill Machine,41,each,MKT,568,INR,868,INR,1648,67568,12 %,75676.16,77703.2
190,TITAN 25mm wrench,22,crystals,AKZ,590,INR,645,INR,1685,37070,12 %,41518.4,42630.5
191,TITAN 25mm wrench,80,tons,MNO,740,INR,671,INR,1854,148320,12 %,166118.4,170568.0
192,LED Panel 250,49,litres,MKT,934,INR,691,INR,1871,91679,12 %,102680.48,105430.85
193,Drill Machine,59,tons,ABC,600,INR,963,INR,1825,107675,12 %,120596.0,123826.25
194,Drill Machine,39,each,ABC,929,INR,680,INR,1872,73008,12 %,81768.96,83959.2
195,SPARX 12V motor,16,tons,ABC,745,INR,699,INR,1566,25056,12 %,28062.72,28814.4
196,Air Pump,40,each,ABC,604,INR,974,INR,1802,72080,12 %,80729.6,82892.0
197,TITAN 25mm wrench,5,each,ABC,648,INR,783,INR,1897,9485,12 %,10623.2,10907.75
198,SPARX 12V motor,49,tons,ABC,726,INR,524,INR,1629,79821,12 %,89399.52,91794.15
199,LED Panel 250,37,each,MNO,701,INR,972,INR,1776,65712,12 %,73597.44,75568.8
200,TITAN 25mm wrench,97,tons,MNO,737,INR,964,INR,1976,191672,12 %,214672.64,220422.8
201,Air Pump,84,tons,MNO,515,INR,802,INR,1507,126588,12 %,141778.56,145576.2
202,Drill Machine,62,tons,ABC,806,INR,901,INR,2105,130510,12 %,146171.2,150086.5
203,Drill Machine,12,crystals,MNO,808,INR,745,INR,1721,20652,12 %,23130.24,23749.8
204,Drill Machine,67,crystals,MNO,617,INR,809,INR,1680,112560,12 %,126067.2,129444.0
205,LED Panel 250,24,crystals,AKZ,801,INR,538,INR,1536,36864,12 %,41287.68,42393.6
206,SPARX 12V motor,78,litres,MNO,993,INR,967,INR,2454,191412,12 %,214381.44,220123.8
207,Air Pump,93,tons,AKZ,639,INR,501,INR,1393,129549,12 %,145094.88,148981.35
208,TITAN 25mm wrench,4,crystals,AKZ,647,INR,798,INR,1785,7140,12 %,7996.8,8211.0
209,TITAN 25mm wrench,8,tons,MNO,766,INR,713,INR,1866,14928,12 %,16719.36,17167.2
210,Air Pump,61,crystals,ABC,939,INR,945,INR,2012,122732,12 %,137459.84,141141.8
211,SPARX 12V motor,26,litres,MNO,981,INR,500,INR,1852,48152,12 %,53930.24,55374.8
212,SPARX 12V motor,83,each,XYZ,683,INR,969,INR,2074,172142,12 %,192799.04,197963.3
213,SPARX 12V motor,89,each,MNO,883,INR,920,INR,2117,188413,12 %,211022.56,216674.95
214,LED Panel 250,89,tons,MKT,588,INR,615,INR,1305,116145,12 %,130082.4,133566.75
215,LED Panel 250,9,crystals,MKT,917,INR,960,INR,2303,20727,12 %,23214.24,23836.05
216,Air Pump,48,tons,ABC,632,INR,731,INR,1846,88608,12 %,99240.96,101899.2
217,Drill Machine,88,litres,MKT,578,INR,800,INR,1796,158048,12 %,177013.76,181755.2
218,Air Pump,63,tons,MKT,506,INR,988,INR,1948,122724,12 %,137450.88,141132.6
219,LED Panel 250,46,each,ABC,508,INR,805,INR,1739,79994,12 %,89593.28,91993.1
220,Air Pump,73,each,ABC,915,INR,679,INR,1905,139065,12 %,155752.8,159924.75
221,TITAN 25mm wrench,75,crystals,MKT,619,INR,983,INR,1923,144225,12 %,161532.0,165858.75
222,Drill Machine,77,litres,AKZ,949,INR,696,INR,1787,137599,12 %,154110.88,158238.85
223,SPARX 12V motor,15,litres,AKZ,558,INR,690,INR,1362,20430,12 %,22881.6,23494.5
224,SPARX 12V motor,50,tons,ABC,512,INR,873,INR,1868,93400,12 %,104608.0,107410.0
225,Air Pump,71,tons,MKT,731,INR,796,INR,1740,123540,12 %,138364.8,142071.0
226,TITAN 25mm wrench,30,tons,MNO,760,INR,907,INR,1871,56130,12 %,62865.6,64549.5
227,TITAN 25mm wrench,10,tons,MKT,887,INR,817,INR,2025,20250,12 %,22680.0,23287.5
228,SPARX 12V motor,78,tons,ABC,586,INR,901,INR,1809,141102,12 %,158034.24,162267.3
229,TITAN 25mm wrench,53,tons,MNO,763,INR,985,INR,1984,105152,12 %,117770.24,120924.8
230,TITAN 25mm wrench,33,each,MNO,988,INR,582,INR,1704,56232,12 %,62979.84,64666.8
231,TITAN 25mm wrench,24,litres,AKZ,909,INR,787,INR,1912,45888,12 %,51394.56,52771.2
232,LED Panel 250,8,litres,MNO,858,INR,529,INR,1656,13248,12 %,14837.76,15235.2
233,Drill Machine,11,tons,AKZ,929,INR,514,INR,1570,17270,12 %,19342.4,19860.5
234,Air Pump,80,each,AKZ,848,INR,764,INR,1766,141280,12 %,158233.6,162472.0
235,Drill Machine,99,each,AKZ,994,INR,537,INR,1650,163350,12 %,182952.0,187852.5
236,SPARX 12V motor,40,litres,MKT,586,INR,624,INR,1401,56040,12 %,62764.8,64446.0
237,LED Panel 250,87,crystals,MKT,903,INR,887,INR,2078,180786,12 %,202480.32,207903.9
238,Air Pump,28,tons,AKZ,994,INR,925,INR,2265,63420,12 %,71030.4,72933.0
239,TITAN 25mm wrench,29,each,MNO,826,INR,601,INR,1555,45095,12 %,50506.4,51859.25
240,Air Pump,27,each,MNO,817,INR,735,INR,1946,52542,12 %,58847.04,60423.3
241,Air Pump,12,tons,AKZ,863,INR,857,INR,1828,21936,12 %,24568.32,25226.4
242,LED Panel 250,57,each,ABC,883,INR,659,INR,1917,109269,12 %,122381.28,125659.35
243,LED Panel 250,10,crystals,MNO,759,INR,902,INR,1929,19290,12 %,21604.8,22183.5
244,Air Pump,45,each,XYZ,794,INR,959,INR,2020,90900,12 %,101808.0,104535.0
245,LED Panel 250,71,each,ABC,952,INR,880,INR,2076,147396,12 %,165083.52,169505.4
246,Drill Machine,66,tons,ABC,813,INR,953,INR,2058,135828,12 %,152127.36,156202.2
247,SPARX 12V motor,72,tons,XYZ,659,INR,506,INR,1280,92160,12 %,103219.2,105984.0
248,SPARX 12V motor,76,tons,ABC,589,INR,688,INR,1379,104804,12 %,117380.48,120524.6
249,LED Panel 250,43,each,MNO,621,INR,524,INR,1303,56029,12 %,62752.48,64433.35
250,SPARX 12V motor,98,litres,MNO,712,INR,723,INR,1641,160818,12 %,180116.16,184940.7
251,SPARX 12V motor,90,tons,ABC,671,INR,913,INR,1988,178920,12 %,200390.4,205758.0
252,Drill Machine,1,crystals,MKT,846,INR,866,INR,2075,2075,12 %,2324.0,2386.25
253,Drill Machine,50,crystals,MNO,927,INR,718,INR,1805,90250,12 %,101080.0,103787.5
254,SPARX 12V motor,89,each,AKZ,787,INR,829,INR,1789,159221,12 %,178327.52,183104.15
255,TITAN 25mm wrench,21,crystals,ABC,659,INR,531,INR,1480,31080,12 %,34809.6,35742.0
256,Drill Machine,71,crystals,MNO,916,INR,596,INR,1935,137385,12 %,153871.2,157992.75
257,Air Pump,44,crystals,MNO,780,INR,823,INR,1837,80828,12 %,90527.36,92952.2
258,Drill Machine,54,crystals,MNO,627,INR,752,INR,1869,100926,12 %,113037.12,116064.9
259,SPARX 12V motor,44,each,MKT,996,INR,994,INR,2305,101420,12 %,113590.4,116633.0
260,Drill Machine,62,crystals,AKZ,816,INR,645,INR,1889,117118,12 %,131172.16,134685.7
261,TITAN 25mm wrench,13,tons,MKT,539,INR,549,INR,1289,16757,12 %,18767.84,19270.55
262,SPARX 12V motor,88,crystals,AKZ,984,INR,748,INR,2171,191048,12 %,213973.76,219705.2
263,LED Panel 250,43,litres,ABC,946,INR,873,INR,2148,92364,12 %,103447.68,106218.6
264,Drill Machine,69,crystals,MNO,833,INR,760,INR,1841,127029,12 %,142272.48,146083.35
265,Air Pump,66,each,ABC,520,INR,682,INR,1596,105336,12 %,117976.32,121136.4
266,Air Pump,39,crystals,ABC,557,INR,532,INR,1231,48009,12 %,53770.08,55210.35
267,LED Panel 250,69,crystals,XYZ,739,INR,555,INR,1680,115920,12 %,129830.4,133308.0
268,TITAN 25mm wrench,61,crystals,AKZ,747,INR,914,INR,1801,109861,12 %,123044.32,126340.15
269,LED Panel 250,72,crystals,AKZ,713,INR,504,INR,1673,120456,12 %,134910.72,138524.4
270,TITAN 25mm wrench,81,crystals,XYZ,846,INR,945,INR,2034,164754,12 %,184524.48,189467.1
271,Air Pump,73,each,MKT,902,INR,677,INR,1707,124611,12 %,139564.32,143302.65
272,Drill Machine,32,tons,AKZ,728,INR,714,INR,1656,52992,12 %,59351.04,60940.8
273,LED Panel 250,14,crystals,XYZ,849,INR,844,INR,1854,25956,12 %,29070.72,29849.4
274,TITAN 25mm wrench,44,crystals,MNO,777,INR,654,INR,1688,74272,12 %,83184.64,85412.8
275,LED Panel 250,41,tons,XYZ,523,INR,714,INR,1646,67486,12 %,75584.32,77608.9
276,SPARX 12V motor,60,each,ABC,500,INR,885,INR,1525,91500,12 %,102480.0,105225.0
277,LED Panel 250,16,each,ABC,582,INR,917,INR,1988,31808,12 %,35624.96,36579.2
278,Air Pump,31,litres,ABC,684,INR,593,INR,1482,45942,12 %,51455.04,52833.3
279,Air Pump,6,crystals,XYZ,815,INR,532,INR,1639,9834,12 %,11014.08,11309.1
280,Air Pump,29,crystals,MKT,677,INR,802,INR,1849,53621,12 %,60055.52,61664.15
281,Air Pump,6,each,AKZ,623,INR,709,INR,1494,8964,12 %,10039.68,10308.6
282,Air Pump,2,each,XYZ,840,INR,989,INR,2058,4116,12 %,4609.92,4733.4
283,LED Panel 250,84,each,MKT,606,INR,783,INR,1877,157668,12 %,176588.16,181318.2
284,Drill Machine,72,litres,MNO,919,INR,674,INR,1917,138024,12 %,154586.88,158727.6
285,Drill Machine,19,tons,MKT,839,INR,510,INR,1585,30115,12 %,33728.8,34632.25
286,TITAN 25mm wrench,76,litres,MNO,987,INR,649,INR,2081,158156,12 %,177134.72,181879.4
287,Air Pump,83,crystals,ABC,682,INR,953,INR,1809,150147,12 %,168164.64,172669.05
288,LED Panel 250,83,crystals,ABC,751,INR,993,INR,2199,182517,12 %,204419.04,209894.55
289,TITAN 25mm wrench,29,crystals,ABC,969,INR,860,INR,2140,62060,12 %,69507.2,71369.0
290,LED Panel 250,31,each,MNO,890,INR,656,INR,2010,62310,12 %,69787.2,71656.5
291,TITAN 25mm wrench,33,crystals,MKT,906,INR,944,INR,2108,69564,12 %,77911.68,79998.6
292,Air Pump,82,tons,MKT,751,INR,591,INR,1832,150224,12 %,168250.88,172757.6
293,Air Pump,30,crystals,MNO,914,INR,1000,INR,2296,68880,12 %,77145.6,79212.0
294,Air Pump,27,litres,ABC,731,INR,743,INR,1907,51489,12 %,57667.68,59212.35
295,Air Pump,41,each,XYZ,886,INR,568,INR,1675,68675,12 %,76916.0,78976.25
296,LED Panel 250,62,litres,MNO,832,INR,612,INR,1671,103602,12 %,116034.24,119142.3
297,TITAN 25mm wrench,35,crystals,ABC,920,INR,847,INR,2265,79275,12 %,88788.0,91166.25
298,LED Panel 250,90,crystals,AKZ,815,INR,872,INR,1817,163530,12 %,183153.6,188059.5
299,LED Panel 250,72,crystals,XYZ,868,INR,869,INR,2220,159840,12 %,179020.8,183816.0
300,LED Panel 250,98,crystals,XYZ,760,INR,670,INR,1819,178262,12 %,199653.44,205001.3
301,Drill Machine,51,each,XYZ,505,INR,866,INR,1485,75735,12 %,84823.2,87095.25
302,SPARX 12V motor,57,each,AKZ,921,INR,573,INR,1799,102543,12 %,114848.16,117924.45
303,TITAN 25mm wrench,32,crystals,ABC,835,INR,728,INR,1678,53696,12 %,60139.52,61750.4
304,Drill Machine,75,each,AKZ,685,INR,543,INR,1402,105150,12 %,117768.0,120922.5
305,Drill Machine,60,each,AKZ,520,INR,960,INR,1747,104820,12 %,117398.4,120543.0
306,Drill Machine,28,litres,XYZ,941,INR,933,INR,2320,64960,12 %,72755.2,74704.0
307,SPARX 12V motor,22,crystals,XYZ,958,INR,742,INR,2122,46684,12 %,52286.08,53686.6
308,LED Panel 250,86,tons,MKT,903,INR,572,INR,1718,147748,12 %,165477.76,169910.2
309,TITAN 25mm wrench,1,litres,ABC,760,INR,777,INR,1831,1831,12 %,2050.72,2105.65
310,SPARX 12V motor,5,litres,AKZ,513,INR,678,INR,1651,8255,12 %,9245.6,9493.25
311,TITAN 25mm wrench,98,litres,MKT,834,INR,786,INR,2050,200900,12 %,225008.0,231035.0
312,TITAN 25mm wrench,1,each,MKT,671,INR,753,INR,1553,1553,12 %,1739.36,1785.95
313,Air Pump,8,each,MNO,644,INR,559,INR,1478,11824,12 %,13242.88,13597.6
314,LED Panel 250,29,litres,MKT,863,INR,942,INR,2229,64641,12 %,72397.92,74337.15
315,Air Pump,8,each,MNO,926,INR,523,INR,1750,14000,12 %,15680.0,16100.0
316,LED Panel 250,51,litres,MNO,856,INR,636,INR,1854,94554,12 %,105900.48,108737.1
317,LED Panel 250,38,each,MNO,748,INR,915,INR,2107,80066,12 %,89673.92,92075.9
318,Air Pump,77,crystals,MNO,733,INR,711,INR,1801,138677,12 %,155318.24,159478.55
319,Air Pump,74,each,MKT,824,INR,889,INR,2138,158212,12 %,177197.44,181943.8
320,Air Pump,8,tons,MKT,791,INR,843,INR,1898,15184,12 %,17006.08,17461.6
321,Air Pump,76,litres,ABC,924,INR,825,INR,2003,152228,12 %,170495.36,175062.2
322,LED Panel 250,50,litres,ABC,880,INR,861,INR,1885,94250,12 %,105560.0,108387.5
323,Drill Machine,99,litres,MKT,724,INR,927,INR,1926,190674,12 %,213554.88,219275.1
324,SPARX 12V motor,69,crystals,MNO,887,INR,861,INR,1943,134067,12 %,150155.04,154177.05
325,Drill Machine,40,each,MKT,794,INR,766,INR,1769,70760,12 %,79251.2,81374.0
326,Drill Machine,97,tons,MNO,622,INR,889,INR,1888,183136,12 %,205112.32,210606.4
327,Air Pump,98,crystals,MKT,665,INR,952,INR,1963,192374,12 %,215458.88,221230.1
328,Drill Machine,61,litres,MKT,972,INR,689,INR,1829,111569,12 %,124957.28,128304.35
329,TITAN 25mm wrench,49,crystals,XYZ,847,INR,536,INR,1754,85946,12 %,96259.52,98837.9
330,SPARX 12V motor,45,tons,MKT,904,INR,890,INR,2121,95445,12 %,106898.4,109761.75
331,LED Panel 250,11,tons,MNO,687,INR,862,INR,1808,19888,12 %,22274.56,22871.2
332,LED Panel 250,56,litres,AKZ,589,INR,725,INR,1804,101024,12 %,113146.88,116177.6
333,LED Panel 250,40,litres,MKT,884,INR,692,INR,2066,82640,12 %,92556.8,95036.0
334,Drill Machine,61,each,XYZ,536,INR,824,INR,1746,106506,12 %,119286.72,122481.9
335,LED Panel 250,23,litres,XYZ,685,INR,748,INR,1818,41814,12 %,46831.68,48086.1
336,LED Panel 250,28,tons,MKT,712,INR,512,INR,1514,42392,12 %,47479.04,48750.8
337,TITAN 25mm wrench,23,crystals,AKZ,655,INR,731,INR,1669,38387,12 %,42993.44,44145.05
338,TITAN 25mm wrench,50,litres,ABC,711,INR,732,INR,1712,85600,12 %,95872.0,98440.0
339,TITAN 25mm wrench,98,crystals,ABC,510,INR,710,INR,1374,134652,12 %,150810.24,154849.8
340,TITAN 25mm wrench,79,litres,MKT,754,INR,889,INR,1988,157052,12 %,175898.24,180609.8
341,LED Panel 250,56,each,AKZ,855,INR,841,INR,2148,120288,12 %,134722.56,138331.2
342,Drill Machine,6,litres,MNO,645,INR,911,INR,1905,11430,12 %,12801.6,13144.5
343,SPARX 12V motor,22,litres,MKT,988,INR,884,INR,2042,44924,12 %,50314.88,51662.6
344,Air Pump,87,litres,MKT,837,INR,627,INR,1928,167736,12 %,187864.32,192896.4
345,Air Pump,10,crystals,XYZ,599,INR,657,INR,1487,14870,12 %,16654.4,17100.5
346,TITAN 25mm wrench,87,tons,ABC,813,INR,991,INR,2288,199056,12 %,222942.72,228914.4
347,Drill Machine,25,crystals,AKZ,649,INR,831,INR,1891,47275,12 %,52948.0,54366.25
348,SPARX 12V motor,40,litres,MNO,606,INR,684,INR,1590,63600,12 %,71232.0,73140.0
349,Drill Machine,92,litres,AKZ,623,INR,664,INR,1418,130456,12 %,146110.72,150024.4
350,Air Pump,11,each,XYZ,804,INR,640,INR,1592,17512,12 %,19613.44,20138.8
351,Drill Machine,58,tons,ABC,518,INR,686,INR,1602,92916,12 %,104065.92,106853.4
352,Drill Machine,82,litres,MNO,607,INR,538,INR,1284,105288,12 %,117922.56,121081.2
353,LED Panel 250,6,crystals,MKT,859,INR,578,INR,1782,10692,12 %,11975.04,12295.8
354,TITAN 25mm wrench,82,crystals,XYZ,947,INR,561,INR,1903,156046,12 %,174771.52,179452.9
355,Air Pump,18,crystals,MNO,781,INR,846,INR,1815,32670,12 %,36590.4,37570.5
356,Air Pump,96,each,MKT,701,INR,757,INR,1827,175392,12 %,196439.04,201700.8
357,Air Pump,56,crystals,AKZ,611,INR,755,INR,1794,100464,12 %,112519.68,115533.6
358,SPARX 12V motor,5,litres,ABC,996,INR,745,INR,2235,11175,12 %,12516.0,12851.25
359,LED Panel 250,86,litres,XYZ,988,INR,771,INR,1973,169678,12 %,190039.36,195129.7
360,TITAN 25mm wrench,91,crystals,XYZ,667,INR,666,INR,1537,139867,12 %,156651.04,160847.05
361,SPARX 12V motor,49,litres,MKT,621,INR,544,INR,1594,78106,12 %,87478.72,89821.9
362,LED Panel 250,33,crystals,ABC,876,INR,768,INR,1770,58410,12 %,65419.2,67171.5
363,SPARX 12V motor,96,crystals,ABC,627,INR,895,INR,1738,166848,12 %,186869.76,191875.2
364,LED Panel 250,10,each,ABC,965,INR,913,INR,2068,20680,12 %,23161.6,23782.0
365,Drill Machine,29,each,AKZ,515,INR,743,INR,1449,42021,12 %,47063.52,48324.15
366,LED Panel 250,55,each,MKT,565,INR,509,INR,1334,73370,12 %,82174.4,84375.5
367,SPARX 12V motor,49,tons,XYZ,616,INR,581,INR,1335,65415,12 %,73264.8,75227.25
368,Air Pump,83,tons,XYZ,544,INR,711,INR,1704,141432,12 %,158403.84,162646.8
369,TITAN 25mm wrench,33,litres,ABC,728,INR,634,INR,1513,49929,12 %,55920.48,57418.35
370,LED Panel 250,47,each,MKT,948,INR,845,INR,1959,92073,12 %,103121.76,105883.95
371,LED Panel 250,53,tons,XYZ,807,INR,512,INR,1513,80189,12 %,89811.68,92217.35
372,Air Pump,86,litres,ABC,593,INR,933,INR,1660,142760,12 %,159891.2,164174.0
373,Air Pump,22,tons,MKT,621,INR,807,INR,1860,40920,12 %,45830.4,47058.0
374,SPARX 12V motor,70,litres,AKZ,554,INR,529,INR,1550,108500,12 %,121520.0,124775.0
375,TITAN 25mm wrench,72,litres,MNO,821,INR,876,INR,1931,139032,12 %,155715.84,159886.8
376,Drill Machine,15,tons,AKZ,893,INR,908,INR,2182,32730,12 %,36657.6,37639.5
377,LED Panel 250,49,crystals,MNO,736,INR,973,INR,1889,92561,12 %,103668.32,106445.15
378,Air Pump,18,litres,ABC,750,INR,980,INR,2136,38448,12 %,43061.76,44215.2
379,Air Pump,12,crystals,ABC,962,INR,859,INR,2120,25440,12 %,28492.8,29256.0
380,Air Pump,72,litres,MNO,795,INR,955,INR,1864,134208,12 %,150312.96,154339.2
381,SPARX 12V motor,55,crystals,MKT,986,INR,519,INR,1683,92565,12 %,103672.8,106449.75
382,Drill Machine,70,each,MKT,715,INR,885,INR,1813,126910,12 %,142139.2,145946.5
383,SPARX 12V motor,71,each,MKT,853,INR,977,INR,2153,152863,12 %,171206.56,175792.45
384,LED Panel 250,22,tons,ABC,847,INR,845,INR,2175,47850,12 %,53592.0,55027.5
385,SPARX 12V motor,46,each,XYZ,933,INR,975,INR,2053,94438,12 %,105770.56,108603.7
386,LED Panel 250,11,litres,ABC,508,INR,848,INR,1617,17787,12 %,19921.44,20455.05
387,SPARX 12V motor,37,crystals,ABC,590,INR,643,INR,1348,49876,12 %,55861.12,57357.4
388,SPARX 12V motor,2,each,MNO,709,INR,560,INR,1730,3460,12 %,3875.2,3979.0
389,Drill Machine,13,each,MKT,580,INR,993,INR,2003,26039,12 %,29163.68,29944.85
390,Air Pump,87,each,ABC,654,INR,698,INR,1590,138330,12 %,154929.6,159079.5
391,Air Pump,87,litres,XYZ,681,INR,560,INR,1633,142071,12 %,159119.52,163381.65
392,Drill Machine,71,crystals,ABC,926,INR,750,INR,1853,131563,12 %,147350.56,151297.45
393,LED Panel 250,87,each,ABC,732,INR,833,INR,1872,162864,12 %,182407.68,187293.6
394,TITAN 25mm wrench,97,tons,AKZ,736,INR,993,INR,1870,181390,12 %,203156.8,208598.5
395,Air Pump,84,tons,MNO,691,INR,518,INR,1451,121884,12 %,136510.08,140166.6
396,TITAN 25mm wrench,2,each,MKT,718,INR,707,INR,1781,3562,12 %,3989.44,4096.3
397,LED Panel 250,27,crystals,MNO,665,INR,583,INR,1636,44172,12 %,49472.64,50797.8
398,SPARX 12V motor,93,litres,XYZ,792,INR,735,INR,1880,174840,12 %,195820.8,201066.0
399,SPARX 12V motor,3,crystals,MNO,974,INR,784,INR,1932,5796,12 %,6491.52,6665.4
400,LED Panel 250,60,litres,ABC,692,INR,922,INR,2097,125820,12 %,140918.4,144693.0
401,TITAN 25mm wrench,58,litres,MNO,984,INR,957,INR,2288,132704,12 %,148628.48,152609.6
402,LED Panel 250,40,tons,AKZ,639,INR,648,INR,1767,70680,12 %,79161.6,81282.0
403,LED Panel 250,34,each,MKT,666,INR,701,INR,1538,52292,12 %,58567.04,60135.8
404,Air Pump,96,each,ABC,571,INR,768,INR,1628,156288,12 %,175042.56,179731.2
405,SPARX 12V motor,55,crystals,XYZ,925,INR,508,INR,1790,98450,12 %,110264.0,113217.5
406,TITAN 25mm wrench,24,crystals,XYZ,749,INR,724,INR,1741,41784,12 %,46798.08,48051.6
407,Drill Machine,67,tons,XYZ,908,INR,794,INR,2198,147266,12 %,164937.92,169355.9
408,Air Pump,36,litres,XYZ,850,INR,926,INR,2126,76536,12 %,85720.32,88016.4
409,TITAN 25mm wrench,66,litres,XYZ,911,INR,562,INR,1782,117612,12 %,131725.44,135253.8
410,Drill Machine,99,crystals,AKZ,965,INR,778,INR,2040,201960,12 %,226195.2,232254.0
411,SPARX 12V motor,81,each,MNO,885,INR,862,INR,1926,156006,12 %,174726.72,179406.9
412,LED Panel 250,86,litres,XYZ,816,INR,802,INR,1876,161336,12 %,180696.32,185536.4
413,SPARX 12V motor,95,each,XYZ,634,INR,828,INR,1582,150290,12 %,168324.8,172833.5
414,SPARX 12V motor,42,litres,XYZ,605,INR,539,INR,1599,67158,12 %,75216.96,77231.7
415,TITAN 25mm wrench,99,litres,XYZ,543,INR,976,INR,1783,176517,12 %,197699.04,202994.55
416,Drill Machine,12,crystals,MKT,618,INR,786,INR,1732,20784,12 %,23278.08,23901.6
417,Drill Machine,61,litres,XYZ,509,INR,527,INR,1273,77653,12 %,86971.36,89300.95
418,SPARX 12V motor,35,tons,ABC,607,INR,717,INR,1819,63665,12 %,71304.8,73214.75
419,TITAN 25mm wrench,42,each,AKZ,732,INR,607,INR,1778,74676,12 %,83637.12,85877.4
420,SPARX 12V motor,74,crystals,AKZ,970,INR,852,INR,2321,171754,12 %,192364.48,197517.1
421,LED Panel 250,6,crystals,ABC,854,INR,643,INR,1964,11784,12 %,13198.08,13551.6
422,Air Pump,46,litres,ABC,792,INR,892,INR,1802,82892,12 %,92839.04,95325.8
423,LED Panel 250,71,crystals,AKZ,938,INR,771,INR,2115,150165,12 %,168184.8,172689.75
424,SPARX 12V motor,43,each,MNO,513,INR,992,INR,1796,77228,12 %,86495.36,88812.2
425,Air Pump,70,each,XYZ,662,INR,645,INR,1774,124180,12 %,139081.6,142807.0
426,SPARX 12V motor,13,each,MKT,936,INR,974,INR,2062,26806,12 %,30022.72,30826.9
427,TITAN 25mm wrench,72,tons,MNO,559,INR,975,INR,1703,122616,12 %,137329.92,141008.4
428,SPARX 12V motor,72,each,MNO,697,INR,744,INR,1679,120888,12 %,135394.56,139021.2
429,Air Pump,16,tons,MNO,971,INR,677,INR,1993,31888,12 %,35714.56,36671.2
430,Air Pump,44,litres,AKZ,600,INR,959,INR,1991,87604,12 %,98116.48,100744.6
431,LED Panel 250,58,crystals,MKT,539,INR,515,INR,1287,74646,12 %,83603.52,85842.9
432,Air Pump,23,crystals,MKT,814,INR,651,INR,1660,38180,12 %,42761.6,43907.0
433,TITAN 25mm wrench,84,crystals,ABC,848,INR,639,INR,1606,134904,12 %,151092.48,155139.6
434,LED Panel 250,80,each,MNO,584,INR,587,INR,1335,106800,12 %,119616.0,122820.0
435,TITAN 25mm wrench,43,each,XYZ,801,INR,613,INR,1615,69445,12 %,77778.4,79861.75
436,SPARX 12V motor,61,tons,AKZ,539,INR,841,INR,1687,102907,12 %,115255.84,118343.05
437,Drill Machine,76,tons,AKZ,650,INR,964,INR,2019,153444,12 %,171857.28,176460.6
438,LED Panel 250,61,litres,ABC,727,INR,838,INR,1768,107848,12 %,120789.76,124025.2
439,Air Pump,47,tons,ABC,693,INR,601,INR,1750,82250,12 %,92120.0,94587.5
440,LED Panel 250,56,litres,MKT,951,INR,895,INR,2100,117600,12 %,131712.0,135240.0
441,SPARX 12V motor,66,crystals,ABC,767,INR,572,INR,1581,104346,12 %,116867.52,119997.9
442,LED Panel 250,26,each,XYZ,785,INR,814,INR,1886,49036,12 %,54920.32,56391.4
443,Drill Machine,64,crystals,MKT,601,INR,509,INR,1223,78272,12 %,87664.64,90012.8
444,LED Panel 250,56,litres,ABC,970,INR,566,INR,1835,102760,12 %,115091.2,118174.0
445,SPARX 12V motor,12,crystals,MNO,528,INR,686,INR,1321,15852,12 %,17754.24,18229.8
446,Drill Machine,34,crystals,AKZ,797,INR,566,INR,1721,58514,12 %,65535.68,67291.1
447,TITAN 25mm wrench,15,each,MNO,860,INR,890,INR,2143,32145,12 %,36002.4,36966.75
448,Air Pump,80,tons,MNO,621,INR,548,INR,1628,130240,12 %,145868.8,149776.0
449,LED Panel 250,83,crystals,MKT,675,INR,533,INR,1431,118773,12 %,133025.76,136588.95
450,LED Panel 250,28,crystals,XYZ,662,INR,757,INR,1910,53480,12 %,59897.6,61502.0
451,TITAN 25mm wrench,31,tons,AKZ,628,INR,981,INR,1852,57412,12 %,64301.44,66023.8
452,SPARX 12V motor,89,tons,MNO,937,INR,665,INR,1920,170880,12 %,191385.6,196512.0
453,LED Panel 250,40,litres,MNO,505,INR,508,INR,1231,49240,12 %,55148.8,56626.0
454,TITAN 25mm wrench,94,tons,AKZ,833,INR,935,INR,1944,182736,12 %,204664.32,210146.4
455,Drill Machine,3,litres,ABC,822,INR,680,INR,1805,5415,12 %,6064.8,6227.25
456,Air Pump,78,litres,ABC,973,INR,656,INR,1847,144066,12 %,161353.92,165675.9
457,Air Pump,100,litres,MKT,929,INR,858,INR,2111,211100,12 %,236432.0,242765.0
458,LED Panel 250,1,crystals,AKZ,689,INR,543,INR,1640,1640,12 %,1836.8,1886.0
459,LED Panel 250,47,crystals,ABC,960,INR,879,INR,2062,96914,12 %,108543.68,111451.1
460,LED Panel 250,8,litres,ABC,722,INR,911,INR,2094,16752,12 %,18762.24,19264.8
461,LED Panel 250,49,litres,ABC,502,INR,635,INR,1480,72520,12 %,81222.4,83398.0
462,TITAN 25mm wrench,50,litres,AKZ,508,INR,920,INR,1896,94800,12 %,106176.0,109020.0
463,Drill Machine,9,tons,MNO,922,INR,683,INR,1743,15687,12 %,17569.44,18040.05
464,TITAN 25mm wrench,15,tons,XYZ,504,INR,913,INR,1531,22965,12 %,25720.8,26409.75
465,Drill Machine,22,each,XYZ,759,INR,690,INR,1823,40106,12 %,44918.72,46121.9
466,TITAN 25mm wrench,73,tons,MKT,903,INR,704,INR,2024,147752,12 %,165482.24,169914.8
467,Air Pump,82,each,ABC,814,INR,991,INR,2078,170396,12 %,190843.52,195955.4
468,TITAN 25mm wrench,7,crystals,MNO,624,INR,979,INR,1952,13664,12 %,15303.68,15713.6
469,TITAN 25mm wrench,55,litres,MKT,839,INR,838,INR,2009,110495,12 %,123754.4,127069.25
470,TITAN 25mm wrench,70,crystals,ABC,888,INR,629,INR,1843,129010,12 %,144491.2,148361.5
471,SPARX 12V motor,35,each,MKT,525,INR,512,INR,1229,43015,12 %,48176.8,49467.25
472,Drill Machine,87,crystals,AKZ,514,INR,876,INR,1655,143985,12 %,161263.2,165582.75
473,Drill Machine,32,each,XYZ,990,INR,587,INR,1907,61024,12 %,68346.88,70177.6
474,TITAN 25mm wrench,2,litres,XYZ,574,INR,970,INR,1944,3888,12 %,4354.56,4471.2
475,SPARX 12V motor,38,litres,ABC,916,INR,755,INR,2025,76950,12 %,86184.0,88492.5
476,SPARX 12V motor,93,crystals,XYZ,746,INR,864,INR,1805,167865,12 %,188008.8,193044.75
477,TITAN 25mm wrench,39,litres,ABC,809,INR,992,INR,2063,80457,12 %,90111.84,92525.55
478,SPARX 12V motor,81,tons,AKZ,718,INR,872,INR,1821,147501,12 %,165201.12,169626.15
479,SPARX 12V motor,51,crystals,AKZ,859,INR,522,INR,1501,76551,12 %,85737.12,88033.65
480,Drill Machine,14,crystals,AKZ,749,INR,715,INR,1929,27006,12 %,30246.72,31056.9
481,Drill Machine,5,each,MNO,653,INR,587,INR,1458,7290,12 %,8164.8,8383.5
482,LED Panel 250,33,crystals,MNO,901,INR,881,INR,2069,68277,12 %,76470.24,78518.55
483,Drill Machine,100,each,MNO,825,INR,634,INR,1623,162300,12 %,181776.0,186645.0
484,TITAN 25mm wrench,77,crystals,MKT,780,INR,931,INR,2107,162239,12 %,181707.68,186574.85
485,TITAN 25mm wrench,11,crystals,MNO,825,INR,715,INR,1764,19404,12 %,21732.48,22314.6
486,SPARX 12V motor,4,tons,MNO,990,INR,893,INR,2117,8468,12 %,9484.16,9738.2
487,TITAN 25mm wrench,46,tons,XYZ,670,INR,833,INR,1899,87354,12 %,97836.48,100457.1
488,Drill Machine,5,each,MKT,545,INR,624,INR,1412,7060,12 %,7907.2,8119.0
489,TITAN 25mm wrench,57,each,MKT,751,INR,976,INR,2146,122322,12 %,137000.64,140670.3
490,SPARX 12V motor,40,tons,MKT,937,INR,880,INR,2193,87720,12 %,98246.4,100878.0
491,SPARX 12V motor,83,crystals,AKZ,593,INR,792,INR,1748,145084,12 %,162494.08,166846.6
492,TITAN 25mm wrench,28,each,ABC,525,INR,794,INR,1554,43512,12 %,48733.44,50038.8
493,Drill Machine,57,tons,XYZ,570,INR,968,INR,2014,114798,12 %,128573.76,132017.7
494,TITAN 25mm wrench,89,litres,XYZ,733,INR,822,INR,1890,168210,12 %,188395.2,193441.5
495,Air Pump,5,litres,ABC,521,INR,545,INR,1185,5925,12 %,6636.0,6813.75
496,TITAN 25mm wrench,3,litres,XYZ,543,INR,985,INR,1636,4908,12 %,5496.96,5644.2
497,Air Pump,58,tons,ABC,511,INR,829,INR,1688,97904,12 %,109652.48,112589.6
498,SPARX 12V motor,35,each,AKZ,892,INR,509,INR,1506,52710,12 %,59035.2,60616.5
499,LED Panel 250,15,tons,MKT,930,INR,632,INR,2061,30915,12 %,34624.8,35552.25
500,TITAN 25mm wrench,74,litres,MKT,844,INR,868,INR,2202,162948,12 %,182501.76,187390.2
501,Air Pump,54,litres,XYZ,766,INR,605,INR,1552,83808,12 %,93864.96,96379.2
502,SPARX 12V motor,5,litres,MKT,882,INR,860,INR,1865,9325,12 %,10444.0,10723.75
503,Air Pump,70,crystals,MNO,852,INR,795,INR,2119,148330,12 %,166129.6,170579.5
504,LED Panel 250,49,each,MKT,763,INR,652,INR,1555,76195,12 %,85338.4,87624.25
505,SPARX 12V motor,43,litres,ABC,714,INR,964,INR,2097,90171,12 %,100991.52,103696.65
506,TITAN 25mm wrench,65,crystals,ABC,731,INR,676,INR,1629,105885,12 %,118591.2,121767.75
507,LED Panel 250,18,tons,XYZ,877,INR,939,INR,2248,40464,12 %,45319.68,46533.6
508,TITAN 25mm wrench,4,litres,AKZ,952,INR,904,INR,2350,9400,12 %,10528.0,10810.0
509,LED Panel 250,18,each,MKT,668,INR,888,INR,2052,36936,12 %,41368.32,42476.4
510,LED Panel 250,13,crystals,XYZ,857,INR,854,INR,1923,24999,12 %,27998.88,28748.85
511,SPARX 12V motor,13,tons,AKZ,669,INR,801,INR,1816,23608,12 %,26440.96,27149.2
512,Air Pump,35,tons,MKT,768,INR,839,INR,1786,62510,12 %,70011.2,71886.5
513,Air Pump,62,crystals,ABC,953,INR,938,INR,2254,139748,12 %,156517.76,160710.2
514,TITAN 25mm wrench,33,crystals,MKT,777,INR,773,INR,1757,57981,12 %,64938.72,66678.15
515,LED Panel 250,63,tons,ABC,732,INR,564,INR,1630,102690,12 %,115012.8,118093.5
516,LED Panel 250,61,tons,MNO,594,INR,948,INR,1863,113643,12 %,127280.16,130689.45
517,Drill Machine,34,crystals,MKT,630,INR,869,INR,1710,58140,12 %,65116.8,66861.0
518,Drill Machine,8,each,AKZ,967,INR,859,INR,2072,16576,12 %,18565.12,19062.4
519,LED Panel 250,74,crystals,AKZ,663,INR,874,INR,1643,121582,12 %,136171.84,139819.3
520,Drill Machine,5,litres,ABC,688,INR,789,INR,1888,9440,12 %,10572.8,10856.0
521,Air Pump,71,litres,MNO,980,INR,598,INR,1954,138734,12 %,155382.08,159544.1
522,TITAN 25mm wrench,75,crystals,MNO,711,INR,860,INR,1702,127650,12 %,142968.0,146797.5
523,LED Panel 250,29,crystals,ABC,868,INR,735,INR,1793,51997,12 %,58236.64,59796.55
524,Air Pump,39,each,XYZ,998,INR,673,INR,1840,71760,12 %,80371.2,82524.0
525,Drill Machine,52,litres,AKZ,801,INR,585,INR,1565,81380,12 %,91145.6,93587.0
526,Air Pump,59,litres,AKZ,739,INR,635,INR,1713,101067,12 %,113195.04,116227.05
527,TITAN 25mm wrench,54,each,ABC,893,INR,683,INR,1739,93906,12 %,105174.72,107991.9
528,Drill Machine,3,litres,XYZ,904,INR,776,INR,2083,6249,12 %,6998.88,7186.35
529,Drill Machine,64,tons,MKT,716,INR,905,INR,2036,130304,12 %,145940.48,149849.6
530,TITAN 25mm wrench,14,tons,MNO,724,INR,981,INR,1997,27958,12 %,31312.96,32151.7
531,Drill Machine,6,crystals,ABC,880,INR,666,INR,1931,11586,12 %,12976.32,13323.9
532,SPARX 12V motor,21,litres,MKT,651,INR,755,INR,1811,38031,12 %,42594.72,43735.65
533,TITAN 25mm wrench,5,crystals,MKT,669,INR,752,INR,1743,8715,12 %,9760.8,10022.25
534,Drill Machine,57,each,MKT,679,INR,995,INR,1907,108699,12 %,121742.88,125003.85
535,Drill Machine,89,each,MKT,562,INR,992,INR,1738,154682,12 %,173243.84,177884.3
536,TITAN 25mm wrench,55,crystals,MNO,995,INR,620,INR,2053,112915,12 %,126464.8,129852.25
537,TITAN 25mm wrench,95,litres,XYZ,962,INR,538,INR,1768,167960,12 %,188115.2,193154.0
538,SPARX 12V motor,100,tons,MNO,532,INR,696,INR,1670,167000,12 %,187040.0,192050.0
539,Drill Machine,60,each,MKT,503,INR,557,INR,1286,77160,12 %,86419.2,88734.0
540,TITAN 25mm wrench,61,each,MNO,960,INR,696,INR,1768,107848,12 %,120789.76,124025.2
541,SPARX 12V motor,16,each,MKT,708,INR,810,INR,1656,26496,12 %,29675.52,30470.4
542,TITAN 25mm wrench,59,each,MNO,505,INR,585,INR,1443,85137,12 %,95353.44,97907.55
543,Air Pump,60,each,ABC,747,INR,939,INR,2087,125220,12 %,140246.4,144003.0
544,TITAN 25mm wrench,46,litres,AKZ,879,INR,560,INR,1660,76360,12 %,85523.2,87814.0
545,LED Panel 250,71,crystals,ABC,962,INR,866,INR,2108,149668,12 %,167628.16,172118.2
546,TITAN 25mm wrench,92,tons,MNO,758,INR,694,INR,1919,176548,12 %,197733.76,203030.2
547,LED Panel 250,40,each,XYZ,971,INR,773,INR,1931,77240,12 %,86508.8,88826.0
548,Drill Machine,6,each,MNO,969,INR,951,INR,2078,12468,12 %,13964.16,14338.2
549,Drill Machine,5,litres,MKT,907,INR,883,INR,2017,10085,12 %,11295.2,11597.75
550,SPARX 12V motor,98,litres,ABC,908,INR,581,INR,1595,156310,12 %,175067.2,179756.5
551,TITAN 25mm wrench,28,litres,AKZ,588,INR,873,INR,1720,48160,12 %,53939.2,55384.0
552,Air Pump,64,tons,XYZ,609,INR,832,INR,1878,120192,12 %,134615.04,138220.8
553,LED Panel 250,15,crystals,MKT,892,INR,526,INR,1653,24795,12 %,27770.4,28514.25
554,Drill Machine,20,tons,XYZ,685,INR,559,INR,1609,32180,12 %,36041.6,37007.0
555,SPARX 12V motor,96,tons,ABC,740,INR,525,INR,1485,142560,12 %,159667.2,163944.0
556,SPARX 12V motor,62,litres,ABC,551,INR,516,INR,1475,91450,12 %,102424.0,105167.5
557,SPARX 12V motor,79,tons,MKT,581,INR,832,INR,1826,144254,12 %,161564.48,165892.1
558,Drill Machine,11,litres,XYZ,897,INR,894,INR,2236,24596,12 %,27547.52,28285.4
559,Drill Machine,70,crystals,XYZ,555,INR,942,INR,1976,138320,12 %,154918.4,159068.0
560,TITAN 25mm wrench,13,tons,AKZ,809,INR,529,INR,1664,21632,12 %,24227.84,24876.8
561,Air Pump,16,litres,ABC,766,INR,726,INR,1724,27584,12 %,30894.08,31721.6
562,LED Panel 250,96,each,MKT,690,INR,625,INR,1739,166944,12 %,186977.28,191985.6
563,Air Pump,90,tons,ABC,890,INR,699,INR,2015,181350,12 %,203112.0,208552.5
564,Drill Machine,7,litres,MNO,913,INR,862,INR,2200,15400,12 %,17248.0,17710.0
565,Air Pump,80,litres,ABC,824,INR,630,INR,1840,147200,12 %,164864.0,169280.0
566,Air Pump,13,litres,AKZ,914,INR,765,INR,1838,23894,12 %,26761.28,27478.1
567,LED Panel 250,41,tons,MNO,536,INR,814,INR,1726,70766,12 %,79257.92,81380.9
568,TITAN 25mm wrench,35,each,MKT,933,INR,834,INR,2086,73010,12 %,81771.2,83961.5
569,TITAN 25mm wrench,18,crystals,XYZ,819,INR,674,INR,1923,34614,12 %,38767.68,39806.1
570,TITAN 25mm wrench,77,litres,ABC,602,INR,867,INR,1868,143836,12 %,161096.32,165411.4
571,TITAN 25mm wrench,88,litres,AKZ,886,INR,901,INR,1974,173712,12 %,194557.44,199768.8
572,SPARX 12V motor,11,each,XYZ,940,INR,740,INR,1888,20768,12 %,23260.16,23883.2
573,SPARX 12V motor,50,crystals,AKZ,647,INR,869,INR,1913,95650,12 %,107128.0,109997.5
574,TITAN 25mm wrench,57,tons,MKT,619,INR,730,INR,1561,88977,12 %,99654.24,102323.55
575,LED Panel 250,92,litres,MKT,687,INR,634,INR,1422,130824,12 %,146522.88,150447.6
576,TITAN 25mm wrench,49,tons,MNO,657,INR,912,INR,1961,96089,12 %,107619.68,110502.35
577,Drill Machine,49,crystals,XYZ,744,INR,930,INR,1800,88200,12 %,98784.0,101430.0
578,LED Panel 250,20,litres,XYZ,891,INR,578,INR,1667,33340,12 %,37340.8,38341.0
579,Air Pump,95,each,MNO,593,INR,707,INR,1604,152380,12 %,170665.6,175237.0
580,SPARX 12V motor,7,crystals,AKZ,745,INR,785,INR,1694,11858,12 %,13280.96,13636.7
581,SPARX 12V motor,96,crystals,MKT,554,INR,775,INR,1538,147648,12 %,165365.76,169795.2
582,TITAN 25mm wrench,91,tons,XYZ,525,INR,976,INR,1751,159341,12 %,178461.92,183242.15
583,LED Panel 250,33,each,AKZ,703,INR,599,INR,1694,55902,12 %,62610.24,64287.3
584,Drill Machine,11,crystals,MKT,958,INR,532,INR,1814,19954,12 %,22348.48,22947.1
585,LED Panel 250,88,crystals,AKZ,685,INR,546,INR,1704,149952,12 %,167946.24,172444.8
586,Drill Machine,41,litres,MNO,660,INR,683,INR,1777,72857,12 %,81599.84,83785.55
587,TITAN 25mm wrench,17,tons,MNO,924,INR,862,INR,2208,37536,12 %,42040.32,43166.4
588,Drill Machine,29,crystals,AKZ,599,INR,676,INR,1644,47676,12 %,53397.12,54827.4
589,SPARX 12V motor,92,tons,MKT,640,INR,688,INR,1525,140300,12 %,157136.0,161345.0
590,Air Pump,10,crystals,AKZ,840,INR,667,INR,1903,19030,12 %,21313.6,21884.5
591,Air Pump,67,tons,MNO,939,INR,628,INR,1783,119461,12 %,133796.32,137380.15
592,Air Pump,21,each,MKT,587,INR,952,INR,1673,35133,12 %,39348.96,40402.95
593,Air Pump,27,tons,MKT,507,INR,900,INR,1520,41040,12 %,45964.8,47196.0
594,SPARX 12V motor,51,litres,XYZ,725,INR,954,INR,1985,101235,12 %,113383.2,116420.25
595,Air Pump,71,crystals,AKZ,641,INR,668,INR,1790,127090,12 %,142340.8,146153.5
596,Air Pump,23,crystals,MNO,696,INR,785,INR,1795,41285,12 %,46239.2,47477.75
597,Drill Machine,81,litres,MKT,953,INR,770,INR,2016,163296,12 %,182891.52,187790.4
598,SPARX 12V motor,83,crystals,MNO,653,INR,565,INR,1591,132053,12 %,147899.36,151860.95
599,Drill Machine,73,crystals,AKZ,547,INR,797,INR,1690,123370,12 %,138174.4,141875.5
600,LED Panel 250,52,each,MNO,854,INR,825,INR,2066,107432,12 %,120323.84,123546.8
601,Air Pump,18,litres,MNO,573,INR,895,INR,1831,32958,12 %,36912.96,37901.7
602,SPARX 12V motor,26,each,AKZ,629,INR,646,INR,1433,37258,12 %,41728.96,42846.7
603,LED Panel 250,41,each,AKZ,778,INR,934,INR,1889,77449,12 %,86742.88,89066.35
604,TITAN 25mm wrench,68,litres,MKT,637,INR,796,INR,1562,106216,12 %,118961.92,122148.4
605,LED Panel 250,74,crystals,MNO,691,INR,613,INR,1642,121508,12 %,136088.96,139734.2
606,Drill Machine,9,tons,ABC,679,INR,576,INR,1707,15363,12 %,17206.56,17667.45
607,SPARX 12V motor,71,litres,ABC,735,INR,940,INR,1961,139231,12 %,155938.72,160115.65
608,SPARX 12V motor,32,each,ABC,761,INR,655,INR,1585,50720,12 %,56806.4,58328.0
609,Air Pump,32,crystals,XYZ,764,INR,927,INR,1865,59680,12 %,66841.6,68632.0
610,Drill Machine,68,litres,ABC,890,INR,786,INR,1839,125052,12 %,140058.24,143809.8
611,Air Pump,50,tons,ABC,970,INR,860,INR,2217,110850,12 %,124152.0,127477.5
612,SPARX 12V motor,86,crystals,MNO,963,INR,875,INR,2079,178794,12 %,200249.28,205613.1
613,SPARX 12V motor,59,litres,MNO,710,INR,971,INR,2063,121717,12 %,136323.04,139974.55
614,SPARX 12V motor,11,tons,XYZ,799,INR,711,INR,1819,20009,12 %,22410.08,23010.35
615,SPARX 12V motor,39,crystals,AKZ,864,INR,938,INR,2198,85722,12 %,96008.64,98580.3
616,LED Panel 250,43,tons,ABC,868,INR,799,INR,1833,78819,12 %,88277.28,90641.85
617,TITAN 25mm wrench,95,tons,XYZ,903,INR,534,INR,1921,182495,12 %,204394.4,209869.25
618,SPARX 12V motor,80,tons,MKT,655,INR,727,INR,1635,130800,12 %,146496.0,150420.0
619,Drill Machine,47,each,MNO,689,INR,737,INR,1878,88266,12 %,98857.92,101505.9
620,Drill Machine,51,each,XYZ,798,INR,741,INR,1889,96339,12 %,107899.68,110789.85
621,Air Pump,38,litres,AKZ,990,INR,526,INR,1939,73682,12 %,82523.84,84734.3
622,TITAN 25mm wrench,79,crystals,XYZ,749,INR,525,INR,1594,125926,12 %,141037.12,144814.9
623,LED Panel 250,16,crystals,XYZ,683,INR,774,INR,1756,28096,12 %,31467.52,32310.4
624,TITAN 25mm wrench,7,crystals,MKT,925,INR,665,INR,1757,12299,12 %,13774.88,14143.85
625,SPARX 12V motor,64,each,MNO,997,INR,575,INR,1815,116160,12 %,130099.2,133584.0
626,TITAN 25mm wrench,78,each,ABC,764,INR,931,INR,2094,163332,12 %,182931.84,187831.8
627,LED Panel 250,55,tons,MKT,826,INR,915,INR,2199,120945,12 %,135458.4,139086.75
628,Air Pump,41,tons,ABC,620,INR,570,INR,1613,66133,12 %,74068.96,76052.95
629,SPARX 12V motor,1,litres,XYZ,791,INR,692,INR,1894,1894,12 %,2121.28,2178.1
630,LED Panel 250,2,tons,ABC,976,INR,662,INR,1824,3648,12 %,4085.76,4195.2
631,TITAN 25mm wrench,64,litres,XYZ,971,INR,520,INR,1888,120832,12 %,135331.84,138956.8
632,SPARX 12V motor,7,crystals,AKZ,736,INR,626,INR,1701,11907,12 %,13335.84,13693.05
633,TITAN 25mm wrench,71,crystals,MKT,703,INR,635,INR,1457,103447,12 %,115860.64,118964.05
634,SPARX 12V motor,29,crystals,ABC,549,INR,973,INR,1794,52026,12 %,58269.12,59829.9
635,SPARX 12V motor,36,each,MNO,767,INR,759,INR,1768,63648,12 %,71285.76,73195.2
636,Air Pump,46,litres,XYZ,815,INR,635,INR,1592,73232,12 %,82019.84,84216.8
637,LED Panel 250,59,each,AKZ,691,INR,853,INR,1679,99061,12 %,110948.32,113920.15
638,SPARX 12V motor,98,tons,MNO,621,INR,873,INR,1933,189434,12 %,212166.08,217849.1
639,SPARX 12V motor,29,each,MNO,862,INR,513,INR,1606,46574,12 %,52162.88,53560.1
640,TITAN 25mm wrench,15,crystals,ABC,503,INR,995,INR,1958,29370,12 %,32894.4,33775.5
641,Drill Machine,14,litres,MNO,535,INR,820,INR,1759,24626,12 %,27581.12,28319.9
642,LED Panel 250,5,litres,MNO,578,INR,690,INR,1754,8770,12 %,9822.4,10085.5
643,LED Panel 250,4,tons,MNO,825,INR,709,INR,1856,7424,12 %,8314.88,8537.6
644,Drill Machine,65,tons,MKT,643,INR,711,INR,1588,103220,12 %,115606.4,118703.0
645,TITAN 25mm wrench,73,tons,XYZ,879,INR,936,INR,2225,162425,12 %,181916.0,186788.75
646,LED Panel 250,87,tons,ABC,669,INR,555,INR,1410,122670,12 %,137390.4,141070.5
647,Drill Machine,13,tons,MKT,924,INR,732,INR,1840,23920,12 %,26790.4,27508.0
648,SPARX 12V motor,83,litres,AKZ,805,INR,671,INR,1932,160356,12 %,179598.72,184409.4
649,LED Panel 250,47,litres,AKZ,741,INR,782,INR,2004,94188,12 %,105490.56,108316.2
650,LED Panel 250,36,each,XYZ,650,INR,611,INR,1368,49248,12 %,55157.76,56635.2
651,Drill Machine,95,litres,AKZ,771,INR,620,INR,1644,156180,12 %,174921.6,179607.0
652,SPARX 12V motor,2,crystals,MKT,783,INR,753,INR,1639,3278,12 %,3671.36,3769.7
653,LED Panel 250,90,crystals,MNO,792,INR,714,INR,1818,163620,12 %,183254.4,188163.0
654,Drill Machine,73,litres,MNO,652,INR,656,INR,1707,124611,12 %,139564.32,143302.65
655,Drill Machine,71,tons,MNO,634,INR,901,INR,1858,131918,12 %,147748.16,151705.7
656,Drill Machine,1,each,XYZ,608,INR,801,INR,1809,1809,12 %,2026.08,2080.35
657,Drill Machine,24,crystals,ABC,833,INR,789,INR,1754,42096,12 %,47147.52,48410.4
658,TITAN 25mm wrench,97,litres,ABC,842,INR,705,INR,1986,192642,12 %,215759.04,221538.3
659,TITAN 25mm wrench,79,crystals,MNO,631,INR,570,INR,1452,114708,12 %,128472.96,131914.2
660,SPARX 12V motor,90,crystals,AKZ,509,INR,766,INR,1563,140670,12 %,157550.4,161770.5
661,Drill Machine,3,tons,XYZ,708,INR,914,INR,1941,5823,12 %,6521.76,6696.45
662,Drill Machine,25,tons,MNO,911,INR,609,INR,1817,45425,12 %,50876.0,52238.75
663,TITAN 25mm wrench,44,each,MKT,515,INR,967,INR,1909,83996,12 %,94075.52,96595.4
664,Drill Machine,98,litres,AKZ,807,INR,667,INR,1771,173558,12 %,194384.96,199591.7
665,TITAN 25mm wrench,43,crystals,MKT,796,INR,525,INR,1484,63812,12 %,71469.44,73383.8
666,LED Panel 250,85,crystals,MNO,530,INR,850,INR,1756,149260,12 %,167171.2,171649.0
667,Air Pump,34,crystals,AKZ,845,INR,842,INR,2025,68850,12 %,77112.0,79177.5
668,Air Pump,54,tons,MKT,728,INR,787,INR,1629,87966,12 %,98521.92,101160.9
669,Air Pump,40,litres,MNO,707,INR,947,INR,2101,84040,12 %,94124.8,96646.0
670,Air Pump,92,tons,MNO,976,INR,699,INR,2059,189428,12 %,212159.36,217842.2
671,LED Panel 250,4,crystals,XYZ,988,INR,816,INR,2299,9196,12 %,10299.52,10575.4
672,TITAN 25mm wrench,88,crystals,MNO,878,INR,923,INR,2124,186912,12 %,209341.44,214948.8
673,SPARX 12V motor,81,crystals,XYZ,813,INR,700,INR,1789,144909,12 %,162298.08,166645.35
674,Air Pump,27,tons,XYZ,552,INR,584,INR,1514,40878,12 %,45783.36,47009.7
675,Air Pump,29,litres,MKT,744,INR,589,INR,1684,48836,12 %,54696.32,56161.4
676,TITAN 25mm wrench,44,each,ABC,639,INR,942,INR,1890,83160,12 %,93139.2,95634.0
677,SPARX 12V motor,67,litres,AKZ,650,INR,715,INR,1757,117719,12 %,131845.28,135376.85
678,Air Pump,71,crystals,ABC,749,INR,692,INR,1564,111044,12 %,124369.28,127700.6
679,Air Pump,4,crystals,ABC,833,INR,733,INR,1751,7004,12 %,7844.48,8054.6
680,LED Panel 250,97,litres,XYZ,656,INR,938,INR,1930,187210,12 %,209675.2,215291.5
681,TITAN 25mm wrench,80,litres,MNO,800,INR,538,INR,1748,139840,12 %,156620.8,160816.0
682,Drill Machine,61,tons,XYZ,887,INR,522,INR,1744,106384,12 %,119150.08,122341.6
683,TITAN 25mm wrench,58,tons,MNO,654,INR,748,INR,1880,109040,12 %,122124.8,125396.0
684,LED Panel 250,98,litres,ABC,585,INR,979,INR,1953,191394,12 %,214361.28,220103.1
685,SPARX 12V motor,66,tons,ABC,908,INR,758,INR,1829,120714,12 %,135199.68,138821.1
686,SPARX 12V motor,58,litres,AKZ,871,INR,986,INR,2347,136126,12 %,152461.12,156544.9
687,Air Pump,5,crystals,ABC,564,INR,791,INR,1464,7320,12 %,8198.4,8418.0
688,SPARX 12V motor,50,tons,MNO,783,INR,788,INR,1745,87250,12 %,97720.0,100337.5
689,SPARX 12V motor,53,litres,XYZ,909,INR,670,INR,1749,92697,12 %,103820.64,106601.55
690,Air Pump,24,each,MNO,879,INR,676,INR,1931,46344,12 %,51905.28,53295.6
691,Air Pump,92,tons,AKZ,769,INR,746,INR,1833,168636,12 %,188872.32,193931.4
692,TITAN 25mm wrench,3,tons,MKT,644,INR,884,INR,1954,5862,12 %,6565.44,6741.3
693,Drill Machine,67,crystals,MKT,612,INR,814,INR,1773,118791,12 %,133045.92,136609.65
694,Drill Machine,37,each,ABC,957,INR,861,INR,2035,75295,12 %,84330.4,86589.25
695,LED Panel 250,22,each,MNO,805,INR,772,INR,1842,40524,12 %,45386.88,46602.6
696,TITAN 25mm wrench,24,crystals,MKT,642,INR,702,INR,1698,40752,12 %,45642.24,46864.8
697,Drill Machine,68,each,AKZ,638,INR,915,INR,1664,113152,12 %,126730.24,130124.8
698,SPARX 12V motor,56,each,MKT,810,INR,1000,INR,2103,117768,12 %,131900.16,135433.2
699,LED Panel 250,61,each,MNO,880,INR,635,INR,1792,109312,12 %,122429.44,125708.8
700,LED Panel 250,64,each,MKT,563,INR,809,INR,1592,101888,12 %,114114.56,117171.2
701,LED Panel 250,22,crystals,MNO,639,INR,782,INR,1894,41668,12 %,46668.16,47918.2
702,TITAN 25mm wrench,10,litres,AKZ,832,INR,598,INR,1531,15310,12 %,17147.2,17606.5
703,Air Pump,81,tons,XYZ,792,INR,850,INR,2035,164835,12 %,184615.2,189560.25
704,TITAN 25mm wrench,29,each,MNO,925,INR,999,INR,2313,67077,12 %,75126.24,77138.55
705,TITAN 25mm wrench,70,each,XYZ,525,INR,763,INR,1652,115640,12 %,129516.8,132986.0
706,Drill Machine,61,litres,MKT,624,INR,645,INR,1467,89487,12 %,100225.44,102910.05
707,LED Panel 250,19,tons,XYZ,900,INR,969,INR,2295,43605,12 %,48837.6,50145.75
708,Drill Machine,35,crystals,AKZ,785,INR,575,INR,1495,52325,12 %,58604.0,60173.75
709,SPARX 12V motor,55,crystals,ABC,539,INR,799,INR,1653,90915,12 %,101824.8,104552.25
710,SPARX 12V motor,49,crystals,MNO,564,INR,963,INR,1925,94325,12 %,105644.0,108473.75
711,LED Panel 250,77,tons,ABC,884,INR,933,INR,2230,171710,12 %,192315.2,197466.5
712,SPARX 12V motor,15,each,MNO,780,INR,631,INR,1894,28410,12 %,31819.2,32671.5
713,LED Panel 250,16,litres,MKT,566,INR,975,INR,1641,26256,12 %,29406.72,30194.4
714,LED Panel 250,76,crystals,XYZ,587,INR,507,INR,1472,111872,12 %,125296.64,128652.8
715,LED Panel 250,10,litres,XYZ,515,INR,995,INR,1723,17230,12 %,19297.6,19814.5
716,LED Panel 250,53,each,AKZ,809,INR,786,INR,1790,94870,12 %,106254.4,109100.5
717,LED Panel 250,30,crystals,XYZ,700,INR,940,INR,2028,60840,12 %,68140.8,69966.0
718,Air Pump,74,tons,AKZ,585,INR,538,INR,1410,104340,12 %,116860.8,119991.0
719,Drill Machine,60,litres,ABC,773,INR,636,INR,1548,92880,12 %,104025.6,106812.0
720,LED Panel 250,27,crystals,MNO,531,INR,590,INR,1351,36477,12 %,40854.24,41948.55
721,Drill Machine,91,litres,MKT,731,INR,825,INR,2045,186095,12 %,208426.4,214009.25
722,LED Panel 250,46,crystals,AKZ,912,INR,588,INR,1769,81374,12 %,91138.88,93580.1
723,Air Pump,27,crystals,XYZ,970,INR,731,INR,1908,51516,12 %,57697.92,59243.4
724,Drill Machine,81,crystals,MNO,604,INR,661,INR,1551,125631,12 %,140706.72,144475.65
725,Drill Machine,2,litres,XYZ,792,INR,735,INR,1829,3658,12 %,4096.96,4206.7
726,Air Pump,72,tons,MNO,930,INR,831,INR,2253,162216,12 %,181681.92,186548.4
727,SPARX 12V motor,24,each,MKT,852,INR,735,INR,1938,46512,12 %,52093.44,53488.8
728,LED Panel 250,64,each,MNO,530,INR,719,INR,1440,92160,12 %,103219.2,105984.0
729,TITAN 25mm wrench,44,tons,ABC,623,INR,681,INR,1761,77484,12 %,86782.08,89106.6
730,LED Panel 250,91,litres,XYZ,593,INR,594,INR,1514,137774,12 %,154306.88,158440.1
731,Air Pump,83,each,MNO,652,INR,651,INR,1554,128982,12 %,144459.84,148329.3
732,LED Panel 250,44,litres,XYZ,645,INR,870,INR,1950,85800,12 %,96096.0,98670.0
733,SPARX 12V motor,32,crystals,ABC,564,INR,605,INR,1501,48032,12 %,53795.84,55236.8
734,LED Panel 250,39,crystals,AKZ,510,INR,931,INR,1793,69927,12 %,78318.24,80416.05
735,LED Panel 250,63,each,AKZ,984,INR,792,INR,2256,142128,12 %,159183.36,163447.2
736,LED Panel 250,99,each,XYZ,988,INR,956,INR,2424,239976,12 %,268773.12,275972.4
737,Drill Machine,65,litres,ABC,694,INR,955,INR,1900,123500,12 %,138320.0,142025.0
738,Air Pump,64,crystals,MKT,796,INR,832,INR,1749,111936,12 %,125368.32,128726.4
739,Drill Machine,81,each,MKT,604,INR,624,INR,1338,108378,12 %,121383.36,124634.7
740,Air Pump,36,each,ABC,628,INR,753,INR,1671,60156,12 %,67374.72,69179.4
741,Air Pump,48,each,MNO,593,INR,882,INR,1878,90144,12 %,100961.28,103665.6
742,SPARX 12V motor,75,crystals,MNO,635,INR,879,INR,1838,137850,12 %,154392.0,158527.5
743,TITAN 25mm wrench,50,each,XYZ,853,INR,774,INR,1901,95050,12 %,106456.0,109307.5
744,LED Panel 250,18,each,MNO,656,INR,705,INR,1636,29448,12 %,32981.76,33865.2
745,Air Pump,50,crystals,ABC,987,INR,961,INR,2181,109050,12 %,122136.0,125407.5
746,Drill Machine,49,each,AKZ,680,INR,550,INR,1389,68061,12 %,76228.32,78270.15
747,Air Pump,86,each,ABC,591,INR,500,INR,1545,132870,12 %,148814.4,152800.5
748,TITAN 25mm wrench,97,each,XYZ,948,INR,779,INR,1877,182069,12 %,203917.28,209379.35
749,Drill Machine,85,litres,ABC,806,INR,762,INR,1709,145265,12 %,162696.8,167054.75
750,LED Panel 250,40,tons,MNO,502,INR,847,INR,1614,64560,12 %,72307.2,74244.0
751,Drill Machine,25,crystals,MKT,834,INR,718,INR,2005,50125,12 %,56140.0,57643.75
752,SPARX 12V motor,32,litres,AKZ,959,INR,570,INR,1888,60416,12 %,67665.92,69478.4
753,Air Pump,65,litres,AKZ,551,INR,706,INR,1687,109655,12 %,122813.6,126103.25
754,Air Pump,50,tons,AKZ,987,INR,866,INR,2023,101150,12 %,113288.0,116322.5
755,LED Panel 250,73,crystals,ABC,844,INR,550,INR,1506,109938,12 %,123130.56,126428.7
756,TITAN 25mm wrench,54,litres,MNO,700,INR,700,INR,1684,90936,12 %,101848.32,104576.4
757,TITAN 25mm wrench,39,litres,AKZ,870,INR,602,INR,1798,70122,12 %,78536.64,80640.3
758,TITAN 25mm wrench,75,tons,XYZ,620,INR,754,INR,1842,138150,12 %,154728.0,158872.5
759,Air Pump,59,crystals,MNO,561,INR,697,INR,1486,87674,12 %,98194.88,100825.1
760,LED Panel 250,49,each,MNO,570,INR,776,INR,1763,86387,12 %,96753.44,99345.05
761,SPARX 12V motor,82,litres,XYZ,697,INR,507,INR,1387,113734,12 %,127382.08,130794.1
762,SPARX 12V motor,34,each,MKT,771,INR,981,INR,1895,64430,12 %,72161.6,74094.5
763,Drill Machine,45,each,AKZ,623,INR,546,INR,1669,75105,12 %,84117.6,86370.75
764,LED Panel 250,33,crystals,MKT,662,INR,807,INR,1905,62865,12 %,70408.8,72294.75
765,LED Panel 250,63,tons,AKZ,944,INR,556,INR,1678,105714,12 %,118399.68,121571.1
766,TITAN 25mm wrench,7,each,ABC,728,INR,991,INR,1891,13237,12 %,14825.44,15222.55
767,LED Panel 250,70,tons,XYZ,962,INR,726,INR,1913,133910,12 %,149979.2,153996.5
768,SPARX 12V motor,59,each,MKT,557,INR,584,INR,1305,76995,12 %,86234.4,88544.25
769,Drill Machine,62,each,XYZ,740,INR,675,INR,1629,100998,12 %,113117.76,116147.7
770,TITAN 25mm wrench,31,each,MNO,704,INR,594,INR,1671,51801,12 %,58017.12,59571.15
771,SPARX 12V motor,37,tons,ABC,591,INR,613,INR,1691,62567,12 %,70075.04,71952.05
772,TITAN 25mm wrench,20,each,MKT,926,INR,712,INR,1771,35420,12 %,39670.4,40733.0
773,Air Pump,27,crystals,AKZ,698,INR,674,INR,1645,44415,12 %,49744.8,51077.25
774,TITAN 25mm wrench,87,crystals,XYZ,951,INR,891,INR,2175,189225,12 %,211932.0,217608.75
775,Drill Machine,56,litres,XYZ,783,INR,930,INR,1912,107072,12 %,119920.64,123132.8
776,Air Pump,33,litres,MKT,730,INR,659,INR,1698,56034,12 %,62758.08,64439.1
777,SPARX 12V motor,60,crystals,MKT,721,INR,926,INR,2006,120360,12 %,134803.2,138414.0
778,LED Panel 250,51,each,XYZ,598,INR,513,INR,1538,78438,12 %,87850.56,90203.7
779,Air Pump,30,litres,XYZ,959,INR,632,INR,1776,53280,12 %,59673.6,61272.0
780,LED Panel 250,29,tons,MKT,512,INR,688,INR,1403,40687,12 %,45569.44,46790.05
781,LED Panel 250,6,crystals,MKT,777,INR,847,INR,1854,11124,12 %,12458.88,12792.6
782,TITAN 25mm wrench,63,litres,AKZ,532,INR,517,INR,1237,77931,12 %,87282.72,89620.65
783,SPARX 12V motor,81,tons,ABC,561,INR,687,INR,1443,116883,12 %,130908.96,134415.45
784,TITAN 25mm wrench,5,each,AKZ,537,INR,508,INR,1543,7715,12 %,8640.8,8872.25
785,LED Panel 250,39,each,MNO,577,INR,745,INR,1588,61932,12 %,69363.84,71221.8
786,TITAN 25mm wrench,24,each,XYZ,968,INR,894,INR,2134,51216,12 %,57361.92,58898.4
787,SPARX 12V motor,76,tons,AKZ,587,INR,685,INR,1621,123196,12 %,137979.52,141675.4
788,TITAN 25mm wrench,91,tons,XYZ,619,INR,758,INR,1545,140595,12 %,157466.4,161684.25
789,Air Pump,19,crystals,ABC,878,INR,787,INR,1924,36556,12 %,40942.72,42039.4
790,LED Panel 250,100,each,MKT,953,INR,595,INR,1938,193800,12 %,217056.0,222870.0
791,LED Panel 250,88,litres,MKT,594,INR,743,INR,1705,150040,12 %,168044.8,172546.0
792,LED Panel 250,41,each,AKZ,889,INR,666,INR,1837,75317,12 %,84355.04,86614.55
793,LED Panel 250,46,litres,XYZ,508,INR,504,INR,1147,52762,12 %,59093.44,60676.3
794,Air Pump,56,each,ABC,898,INR,813,INR,1988,111328,12 %,124687.36,128027.2
795,TITAN 25mm wrench,16,litres,XYZ,899,INR,794,INR,2062,32992,12 %,36951.04,37940.8
796,LED Panel 250,41,litres,MNO,516,INR,859,INR,1680,68880,12 %,77145.6,79212.0
797,SPARX 12V motor,24,litres,ABC,566,INR,527,INR,1413,33912,12 %,37981.44,38998.8
798,LED Panel 250,87,crystals,XYZ,558,INR,570,INR,1248,108576,12 %,121605.12,124862.4
799,TITAN 25mm wrench,27,each,XYZ,955,INR,618,INR,2013,54351,12 %,60873.12,62503.65
800,Air Pump,74,litres,XYZ,657,INR,835,INR,1737,128538,12 %,143962.56,147818.7
801,LED Panel 250,99,each,MNO,772,INR,768,INR,1966,194634,12 %,217990.08,223829.1
802,SPARX 12V motor,60,crystals,ABC,675,INR,889,INR,1964,117840,12 %,131980.8,135516.0
803,Drill Machine,96,crystals,ABC,665,INR,663,INR,1808,173568,12 %,194396.16,199603.2
804,TITAN 25mm wrench,13,each,MKT,971,INR,696,INR,2151,27963,12 %,31318.56,32157.45
805,SPARX 12V motor,80,litres,XYZ,624,INR,962,INR,1880,150400,12 %,168448.0,172960.0
806,TITAN 25mm wrench,7,each,MKT,905,INR,866,INR,2226,15582,12 %,17451.84,17919.3
807,SPARX 12V motor,68,each,XYZ,775,INR,778,INR,1708,116144,12 %,130081.28,133565.6
808,TITAN 25mm wrench,49,crystals,AKZ,942,INR,908,INR,2149,105301,12 %,117937.12,121096.15
809,Drill Machine,36,litres,ABC,850,INR,879,INR,2211,79596,12 %,89147.52,91535.4
810,Air Pump,25,crystals,AKZ,987,INR,583,INR,1856,46400,12 %,51968.0,53360.0
811,SPARX 12V motor,50,each,MNO,522,INR,757,INR,1478,73900,12 %,82768.0,84985.0
812,SPARX 12V motor,65,each,MKT,598,INR,739,INR,1806,117390,12 %,131476.8,134998.5
813,LED Panel 250,18,each,MKT,902,INR,562,INR,1613,29034,12 %,32518.08,33389.1
814,Drill Machine,98,litres,MNO,767,INR,629,INR,1575,154350,12 %,172872.0,177502.5
815,Air Pump,100,litres,AKZ,711,INR,829,INR,1660,166000,12 %,185920.0,190900.0
816,Drill Machine,61,litres,XYZ,589,INR,691,INR,1551,94611,12 %,105964.32,108802.65
817,LED Panel 250,21,each,MNO,988,INR,741,INR,1851,38871,12 %,43535.52,44701.65
818,Air Pump,55,each,XYZ,862,INR,917,INR,2220,122100,12 %,136752.0,140415.0
819,Drill Machine,55,litres,MKT,569,INR,875,INR,1842,101310,12 %,113467.2,116506.5
820,TITAN 25mm wrench,65,litres,MKT,752,INR,548,INR,1430,92950,12 %,104104.0,106892.5
821,Air Pump,17,litres,ABC,852,INR,510,INR,1800,30600,12 %,34272.0,35190.0
822,Air Pump,12,litres,MKT,567,INR,509,INR,1328,15936,12 %,17848.32,18326.4
823,Drill Machine,26,each,MNO,730,INR,583,INR,1761,45786,12 %,51280.32,52653.9
824,LED Panel 250,37,tons,AKZ,763,INR,819,INR,1979,73223,12 %,82009.76,84206.45
825,Air Pump,4,litres,AKZ,780,INR,765,INR,1910,7640,12 %,8556.8,8786.0
826,Air Pump,57,crystals,XYZ,934,INR,656,INR,1855,105735,12 %,118423.2,121595.25
827,LED Panel 250,90,crystals,MKT,990,INR,613,INR,2025,182250,12 %,204120.0,209587.5
828,Drill Machine,72,litres,MNO,738,INR,935,INR,1777,127944,12 %,143297.28,147135.6
829,Air Pump,50,litres,ABC,594,INR,737,INR,1811,90550,12 %,101416.0,104132.5
830,LED Panel 250,79,litres,MNO,770,INR,638,INR,1658,130982,12 %,146699.84,150629.3
831,SPARX 12V motor,39,each,ABC,750,INR,764,INR,1641,63999,12 %,71678.88,73598.85
832,Air Pump,91,litres,MKT,933,INR,739,INR,2128,193648,12 %,216885.76,222695.2
833,SPARX 12V motor,94,each,XYZ,730,INR,738,INR,1957,183958,12 %,206032.96,211551.7
834,Drill Machine,18,each,MKT,856,INR,569,INR,1680,30240,12 %,33868.8,34776.0
835,Air Pump,58,litres,MNO,858,INR,879,INR,2203,127774,12 %,143106.88,146940.1
836,Drill Machine,15,tons,XYZ,614,INR,989,INR,1887,28305,12 %,31701.6,32550.75
837,LED Panel 250,80,each,MNO,804,INR,910,INR,2181,174480,12 %,195417.6,200652.0
838,SPARX 12V motor,98,litres,XYZ,708,INR,885,INR,1971,193158,12 %,216336.96,222131.7
839,SPARX 12V motor,57,litres,MNO,948,INR,823,INR,2006,114342,12 %,128063.04,131493.3
840,Air Pump,28,each,ABC,663,INR,559,INR,1360,38080,12 %,42649.6,43792.0
841,Drill Machine,33,litres,MKT,897,INR,996,INR,2047,67551,12 %,75657.12,77683.65
842,SPARX 12V motor,70,each,XYZ,911,INR,633,INR,1986,139020,12 %,155702.4,159873.0
843,Drill Machine,49,each,XYZ,564,INR,795,INR,1723,84427,12 %,94558.24,97091.05
844,Drill Machine,79,litres,ABC,957,INR,523,INR,1650,130350,12 %,145992.0,149902.5
845,Drill Machine,18,each,MKT,616,INR,880,INR,1695,30510,12 %,34171.2,35086.5
846,Air Pump,23,crystals,XYZ,618,INR,539,INR,1330,30590,12 %,34260.8,35178.5
847,Drill Machine,97,tons,AKZ,535,INR,605,INR,1540,149380,12 %,167305.6,171787.0
848,Drill Machine,99,crystals,AKZ,855,INR,679,INR,1852,183348,12 %,205349.76,210850.2
849,Air Pump,75,tons,MNO,568,INR,512,INR,1553,116475,12 %,130452.0,133946.25
850,Air Pump,51,tons,XYZ,636,INR,799,INR,1789,91239,12 %,102187.68,104924.85
851,LED Panel 250,65,each,ABC,652,INR,638,INR,1609,104585,12 %,117135.2,120272.75
852,Drill Machine,14,crystals,AKZ,708,INR,891,INR,1728,24192,12 %,27095.04,27820.8
853,Drill Machine,99,tons,XYZ,679,INR,697,INR,1639,162261,12 %,181732.32,186600.15
854,SPARX 12V motor,65,crystals,MNO,870,INR,965,INR,2126,138190,12 %,154772.8,158918.5
855,SPARX 12V motor,76,litres,XYZ,529,INR,898,INR,1606,122056,12 %,136702.72,140364.4
856,Air Pump,93,crystals,AKZ,687,INR,600,INR,1757,163401,12 %,183009.12,187911.15
857,TITAN 25mm wrench,72,litres,MKT,572,INR,706,INR,1774,127728,12 %,143055.36,146887.2
858,SPARX 12V motor,48,tons,ABC,959,INR,770,INR,2071,99408,12 %,111336.96,114319.2
859,Air Pump,84,litres,ABC,789,INR,625,INR,1724,144816,12 %,162193.92,166538.4
860,LED Panel 250,84,litres,ABC,749,INR,536,INR,1455,122220,12 %,136886.4,140553.0
861,Drill Machine,60,crystals,AKZ,851,INR,884,INR,2013,120780,12 %,135273.6,138897.0
862,Drill Machine,34,crystals,MNO,755,INR,831,INR,2027,68918,12 %,77188.16,79255.7
863,TITAN 25mm wrench,41,tons,MKT,632,INR,977,INR,1831,75071,12 %,84079.52,86331.65
864,Air Pump,57,crystals,XYZ,639,INR,515,INR,1525,86925,12 %,97356.0,99963.75
865,TITAN 25mm wrench,56,tons,MKT,605,INR,587,INR,1479,82824,12 %,92762.88,95247.6
866,TITAN 25mm wrench,94,crystals,MKT,651,INR,820,INR,1918,180292,12 %,201927.04,207335.8
867,Air Pump,85,each,ABC,590,INR,589,INR,1552,131920,12 %,147750.4,151708.0
868,SPARX 12V motor,47,each,MKT,968,INR,766,INR,1884,88548,12 %,99173.76,101830.2
869,SPARX 12V motor,7,tons,MKT,696,INR,705,INR,1794,12558,12 %,14064.96,14441.7
870,SPARX 12V motor,16,each,AKZ,593,INR,861,INR,1930,30880,12 %,34585.6,35512.0
871,TITAN 25mm wrench,66,each,MNO,868,INR,875,INR,2016,133056,12 %,149022.72,153014.4
872,Drill Machine,98,tons,MNO,563,INR,724,INR,1443,141414,12 %,158383.68,162626.1
873,LED Panel 250,47,each,AKZ,559,INR,590,INR,1316,61852,12 %,69274.24,71129.8
874,Drill Machine,43,litres,ABC,629,INR,940,INR,1848,79464,12 %,88999.68,91383.6
875,LED Panel 250,33,crystals,XYZ,772,INR,641,INR,1573,51909,12 %,58138.08,59695.35
876,Air Pump,4,each,XYZ,632,INR,996,INR,1872,7488,12 %,8386.56,8611.2
877,TITAN 25mm wrench,69,litres,XYZ,660,INR,767,INR,1894,130686,12 %,146368.32,150288.9
878,SPARX 12V motor,2,each,ABC,948,INR,540,INR,1652,3304,12 %,3700.48,3799.6
879,Drill Machine,95,each,XYZ,860,INR,953,INR,2010,190950,12 %,213864.0,219592.5
880,SPARX 12V motor,40,litres,XYZ,738,INR,790,INR,1885,75400,12 %,84448.0,86710.0
881,SPARX 12V motor,79,tons,AKZ,656,INR,671,INR,1649,130271,12 %,145903.52,149811.65
882,Air Pump,40,each,MNO,626,INR,878,INR,1632,65280,12 %,73113.6,75072.0
883,Air Pump,6,crystals,XYZ,809,INR,680,INR,1592,9552,12 %,10698.24,10984.8
884,Air Pump,77,tons,XYZ,618,INR,962,INR,2013,155001,12 %,173601.12,178251.15
885,SPARX 12V motor,49,crystals,MKT,539,INR,552,INR,1396,68404,12 %,76612.48,78664.6
886,Drill Machine,58,each,MKT,796,INR,662,INR,1816,105328,12 %,117967.36,121127.2
887,Air Pump,58,each,MKT,698,INR,735,INR,1543,89494,12 %,100233.28,102918.1
888,LED Panel 250,49,tons,MKT,923,INR,949,INR,2316,113484,12 %,127102.08,130506.6
889,SPARX 12V motor,74,each,ABC,713,INR,874,INR,1840,136160,12 %,152499.2,156584.0
890,Air Pump,20,tons,ABC,597,INR,939,INR,1920,38400,12 %,43008.0,44160.0
891,TITAN 25mm wrench,86,tons,XYZ,836,INR,959,INR,2179,187394,12 %,209881.28,215503.1
892,LED Panel 250,61,each,MKT,686,INR,913,INR,1713,104493,12 %,117032.16,120166.95
893,SPARX 12V motor,85,each,ABC,875,INR,749,INR,1806,153510,12 %,171931.2,176536.5
894,SPARX 12V motor,33,litres,XYZ,981,INR,829,INR,2140,70620,12 %,79094.4,81213.0
895,Drill Machine,92,crystals,XYZ,682,INR,953,INR,1986,182712,12 %,204637.44,210118.8
896,LED Panel 250,65,crystals,AKZ,987,INR,695,INR,1884,122460,12 %,137155.2,140829.0
897,Drill Machine,23,crystals,MNO,856,INR,984,INR,2038,46874,12 %,52498.88,53905.1
898,LED Panel 250,90,litres,AKZ,890,INR,544,INR,1669,150210,12 %,168235.2,172741.5
899,TITAN 25mm wrench,27,crystals,ABC,707,INR,905,INR,1830,49410,12 %,55339.2,56821.5
900,Air Pump,94,litres,AKZ,980,INR,891,INR,2152,202288,12 %,226562.56,232631.2
901,LED Panel 250,36,tons,XYZ,541,INR,890,INR,1772,63792,12 %,71447.04,73360.8
902,SPARX 12V motor,66,tons,XYZ,813,INR,788,INR,1724,113784,12 %,127438.08,130851.6
903,LED Panel 250,82,crystals,AKZ,993,INR,692,INR,2002,164164,12 %,183863.68,188788.6
904,TITAN 25mm wrench,32,litres,AKZ,599,INR,727,INR,1820,58240,12 %,65228.8,66976.0
905,LED Panel 250,22,tons,XYZ,801,INR,677,INR,1944,42768,12 %,47900.16,49183.2
906,LED Panel 250,84,tons,ABC,906,INR,908,INR,1973,165732,12 %,185619.84,190591.8
907,SPARX 12V motor,31,litres,XYZ,817,INR,783,INR,1723,53413,12 %,59822.56,61424.95
908,Air Pump,61,each,ABC,897,INR,732,INR,1867,113887,12 %,127553.44,130970.05
909,SPARX 12V motor,10,tons,AKZ,767,INR,857,INR,1942,19420,12 %,21750.4,22333.0
910,Air Pump,82,litres,MNO,646,INR,912,INR,2005,164410,12 %,184139.2,189071.5
911,Air Pump,36,litres,ABC,699,INR,601,INR,1467,52812,12 %,59149.44,60733.8
912,SPARX 12V motor,58,each,ABC,811,INR,887,INR,2188,126904,12 %,142132.48,145939.6
913,Air Pump,20,tons,ABC,762,INR,932,INR,1989,39780,12 %,44553.6,45747.0
914,LED Panel 250,94,tons,XYZ,505,INR,845,INR,1805,169670,12 %,190030.4,195120.5
915,Air Pump,36,crystals,MKT,983,INR,851,INR,2211,79596,12 %,89147.52,91535.4
916,TITAN 25mm wrench,2,each,AKZ,947,INR,650,INR,2040,4080,12 %,4569.6,4692.0
917,LED Panel 250,35,each,MNO,986,INR,888,INR,2224,77840,12 %,87180.8,89516.0
918,TITAN 25mm wrench,92,each,ABC,747,INR,678,INR,1613,148396,12 %,166203.52,170655.4
919,Air Pump,10,each,ABC,978,INR,644,INR,1906,19060,12 %,21347.2,21919.0
920,TITAN 25mm wrench,69,each,MNO,672,INR,565,INR,1429,98601,12 %,110433.12,113391.15
921,LED Panel 250,95,tons,MKT,732,INR,970,INR,2081,197695,12 %,221418.4,227349.25
922,SPARX 12V motor,48,litres,MNO,589,INR,639,INR,1490,71520,12 %,80102.4,82248.0
923,LED Panel 250,55,tons,MNO,801,INR,878,INR,1803,99165,12 %,111064.8,114039.75
924,TITAN 25mm wrench,91,tons,MKT,969,INR,773,INR,1999,181909,12 %,203738.08,209195.35
925,Drill Machine,14,litres,MNO,716,INR,732,INR,1717,24038,12 %,26922.56,27643.7
926,Air Pump,84,litres,ABC,983,INR,556,INR,1826,153384,12 %,171790.08,176391.6
927,Air Pump,11,tons,AKZ,777,INR,559,INR,1668,18348,12 %,20549.76,21100.2
928,Air Pump,43,litres,AKZ,803,INR,966,INR,2125,91375,12 %,102340.0,105081.25
929,LED Panel 250,50,litres,AKZ,786,INR,680,INR,1936,96800,12 %,108416.0,111320.0
930,TITAN 25mm wrench,26,tons,XYZ,661,INR,542,INR,1364,35464,12 %,39719.68,40783.6
931,TITAN 25mm wrench,17,each,ABC,948,INR,763,INR,2193,37281,12 %,41754.72,42873.15
932,Drill Machine,95,litres,XYZ,876,INR,830,INR,1952,185440,12 %,207692.8,213256.0
933,SPARX 12V motor,27,crystals,XYZ,674,INR,585,INR,1445,39015,12 %,43696.8,44867.25
934,TITAN 25mm wrench,68,litres,XYZ,538,INR,654,INR,1570,106760,12 %,119571.2,122774.0
935,Air Pump,99,each,ABC,544,INR,786,INR,1692,167508,12 %,187608.96,192634.2
936,Drill Machine,94,crystals,ABC,923,INR,533,INR,1666,156604,12 %,175396.48,180094.6
937,Drill Machine,56,tons,MNO,773,INR,900,INR,1784,99904,12 %,111892.48,114889.6
938,LED Panel 250,17,each,AKZ,510,INR,520,INR,1187,20179,12 %,22600.48,23205.85
939,Air Pump,68,crystals,AKZ,930,INR,985,INR,2095,142460,12 %,159555.2,163829.0
940,Drill Machine,80,tons,MNO,636,INR,895,INR,1691,135280,12 %,151513.6,155572.0
941,SPARX 12V motor,81,each,MNO,986,INR,955,INR,2366,191646,12 %,214643.52,220392.9
942,Drill Machine,74,tons,MNO,883,INR,901,INR,1929,142746,12 %,159875.52,164157.9
943,Drill Machine,8,litres,MNO,907,INR,868,INR,2049,16392,12 %,18359.04,18850.8
944,SPARX 12V motor,34,litres,MKT,749,INR,716,INR,1735,58990,12 %,66068.8,67838.5
945,LED Panel 250,33,tons,MNO,734,INR,607,INR,1679,55407,12 %,62055.84,63718.05
946,LED Panel 250,74,crystals,XYZ,729,INR,764,INR,1837,135938,12 %,152250.56,156328.7
947,SPARX 12V motor,35,litres,AKZ,509,INR,981,INR,1980,69300,12 %,77616.0,79695.0
948,Drill Machine,59,tons,AKZ,927,INR,503,INR,1865,110035,12 %,123239.2,126540.25
949,LED Panel 250,48,litres,ABC,619,INR,731,INR,1820,87360,12 %,97843.2,100464.0
950,SPARX 12V motor,88,tons,XYZ,805,INR,744,INR,1654,145552,12 %,163018.24,167384.8
951,SPARX 12V motor,43,litres,MNO,825,INR,798,INR,1757,75551,12 %,84617.12,86883.65
952,Air Pump,67,crystals,MNO,649,INR,693,INR,1485,99495,12 %,111434.4,114419.25
953,SPARX 12V motor,99,each,MKT,916,INR,844,INR,1975,195525,12 %,218988.0,224853.75
954,TITAN 25mm wrench,35,each,MNO,584,INR,583,INR,1585,55475,12 %,62132.0,63796.25
955,Drill Machine,65,crystals,ABC,971,INR,995,INR,2460,159900,12 %,179088.0,183885.0
956,SPARX 12V motor,64,crystals,MNO,829,INR,726,INR,1664,106496,12 %,119275.52,122470.4
957,SPARX 12V motor,86,each,ABC,557,INR,662,INR,1646,141556,12 %,158542.72,162789.4
958,Drill Machine,35,crystals,MNO,692,INR,575,INR,1584,55440,12 %,62092.8,63756.0
959,Air Pump,73,each,XYZ,534,INR,576,INR,1504,109792,12 %,122967.04,126260.8
960,LED Panel 250,90,litres,MNO,577,INR,713,INR,1433,128970,12 %,144446.4,148315.5
961,Drill Machine,43,crystals,MNO,623,INR,773,INR,1882,80926,12 %,90637.12,93064.9
962,Drill Machine,86,litres,ABC,878,INR,589,INR,1860,159960,12 %,179155.2,183954.0
963,Drill Machine,1,crystals,MKT,687,INR,549,INR,1481,1481,12 %,1658.72,1703.15
964,TITAN 25mm wrench,94,tons,MKT,589,INR,726,INR,1525,143350,12 %,160552.0,164852.5
965,SPARX 12V motor,71,tons,XYZ,688,INR,853,INR,1831,130001,12 %,145601.12,149501.15
966,SPARX 12V motor,77,crystals,XYZ,691,INR,955,INR,1892,145684,12 %,163166.08,167536.6
967,Drill Machine,7,tons,AKZ,977,INR,660,INR,2073,14511,12 %,16252.32,16687.65
968,Air Pump,81,tons,XYZ,967,INR,774,INR,2044,165564,12 %,185431.68,190398.6
969,LED Panel 250,88,each,MNO,999,INR,587,INR,1769,155672,12 %,174352.64,179022.8
970,Drill Machine,89,crystals,MKT,728,INR,854,INR,1913,170257,12 %,190687.84,195795.55
971,Drill Machine,14,tons,MKT,986,INR,696,INR,1816,25424,12 %,28474.88,29237.6
972,Air Pump,90,each,XYZ,507,INR,583,INR,1458,131220,12 %,146966.4,150903.0
973,Drill Machine,55,each,ABC,701,INR,550,INR,1502,82610,12 %,92523.2,95001.5
974,Air Pump,80,crystals,ABC,966,INR,960,INR,2132,170560,12 %,191027.2,196144.0
975,SPARX 12V motor,24,each,MNO,551,INR,639,INR,1406,33744,12 %,37793.28,38805.6
976,LED Panel 250,34,each,AKZ,587,INR,869,INR,1628,55352,12 %,61994.24,63654.8
977,Drill Machine,32,crystals,AKZ,698,INR,654,INR,1662,53184,12 %,59566.08,61161.6
978,Drill Machine,88,tons,XYZ,777,INR,500,INR,1468,129184,12 %,144686.08,148561.6
979,LED Panel 250,88,tons,ABC,779,INR,545,INR,1688,148544,12 %,166369.28,170825.6
980,Air Pump,43,litres,MKT,677,INR,728,INR,1637,70391,12 %,78837.92,80949.65
981,LED Panel 250,95,tons,AKZ,787,INR,868,INR,1927,183065,12 %,205032.8,210524.75
982,SPARX 12V motor,76,litres,AKZ,643,INR,716,INR,1665,126540,12 %,141724.8,145521.0
983,SPARX 12V motor,21,each,XYZ,826,INR,970,INR,2089,43869,12 %,49133.28,50449.35
984,TITAN 25mm wrench,28,litres,ABC,904,INR,848,INR,2232,62496,12 %,69995.52,71870.4
985,SPARX 12V motor,74,litres,XYZ,622,INR,579,INR,1384,102416,12 %,114705.92,117778.4
986,LED Panel 250,23,crystals,XYZ,907,INR,829,INR,1958,45034,12 %,50438.08,51789.1
987,Drill Machine,65,litres,MKT,520,INR,932,INR,1766,114790,12 %,128564.8,132008.5
988,TITAN 25mm wrench,57,litres,MNO,934,INR,527,INR,1580,90060,12 %,100867.2,103569.0
989,SPARX 12V motor,3,litres,MNO,876,INR,653,INR,1736,5208,12 %,5832.96,5989.2
990,SPARX 12V motor,63,each,MNO,669,INR,905,INR,1753,110439,12 %,123691.68,127004.85
991,Drill Machine,49,litres,MNO,640,INR,767,INR,1640,80360,12 %,90003.2,92414.0
992,LED Panel 250,35,each,XYZ,622,INR,869,INR,1813,63455,12 %,71069.6,72973.25
993,TITAN 25mm wrench,29,tons,ABC,501,INR,710,INR,1360,39440,12 %,44172.8,45356.0
994,SPARX 12V motor,96,each,MNO,874,INR,880,INR,1933,185568,12 %,207836.16,213403.2
995,Air Pump,74,litres,AKZ,587,INR,848,INR,1754,129796,12 %,145371.52,149265.4
996,Drill Machine,79,each,MKT,637,INR,633,INR,1432,113128,12 %,126703.36,130097.2
997,Air Pump,14,litres,MKT,699,INR,527,INR,1617,22638,12 %,25354.56,26033.7
998,Air Pump,33,litres,AKZ,718,INR,923,INR,1766,58278,12 %,65271.36,67019.7
999,LED Panel 250,3,crystals,XYZ,520,INR,697,INR,1400,4200,12 %,4704.0,4830.0
1000,Drill Machine,59,litres,AKZ,834,INR,533,INR,1568,92512,12 %,103613.44,106388.8
